company_name,lever_slug,lever_jobs_url,lever_api_url,source_dataset,first_seen_in_dataset,last_seen_in_dataset,job_count_in_dataset,validated,validated_at,validation_status
15Five,15five,https://jobs.lever.co/15five,https://api.lever.co/v0/postings/15five?mode=json,open-apply-jobs,2026-02-09,2026-04-16,332,,,
1Inch,1inch,https://jobs.lever.co/1inch,https://api.lever.co/v0/postings/1inch?mode=json,open-apply-jobs,2025-05-01,2026-06-26,277,,,
21Hhs,21hhs,https://jobs.lever.co/21hhs,https://api.lever.co/v0/postings/21hhs?mode=json,open-apply-jobs,2023-04-10,2026-06-23,16982,,,
2Brains,2brains,https://jobs.lever.co/2brains,https://api.lever.co/v0/postings/2brains?mode=json,open-apply-jobs,2024-02-23,2026-04-09,640,,,
2Os,2os,https://jobs.lever.co/2os,https://api.lever.co/v0/postings/2os?mode=json,open-apply-jobs,2026-04-01,2026-04-01,61,,,
32Co,32co,https://jobs.lever.co/32co,https://api.lever.co/v0/postings/32co?mode=json,open-apply-jobs,2025-08-18,2026-06-23,348,,,
360Learning,360learning,https://jobs.lever.co/360learning,https://api.lever.co/v0/postings/360learning?mode=json,open-apply-jobs,2019-02-15,2026-06-26,2500,,,
3Eco,3eco,https://jobs.lever.co/3eco,https://api.lever.co/v0/postings/3eco?mode=json,open-apply-jobs,2025-12-04,2026-04-29,502,,,
3Pillarglobal,3pillarglobal,https://jobs.lever.co/3pillarglobal,https://api.lever.co/v0/postings/3pillarglobal?mode=json,open-apply-jobs,2025-01-10,2026-06-27,3484,,,
5Amventures,5amventures,https://jobs.lever.co/5amventures,https://api.lever.co/v0/postings/5amventures?mode=json,open-apply-jobs,2026-03-13,2026-06-02,260,,,
90Seconds,90seconds,https://jobs.lever.co/90seconds,https://api.lever.co/v0/postings/90seconds?mode=json,open-apply-jobs,2020-01-31,2026-01-27,270,,,
Ableserve,ableserve,https://jobs.lever.co/ableserve,https://api.lever.co/v0/postings/ableserve?mode=json,open-apply-jobs,2025-04-09,2026-06-26,6677,,,
Abovelending,abovelending,https://jobs.lever.co/abovelending,https://api.lever.co/v0/postings/abovelending?mode=json,open-apply-jobs,2025-09-24,2026-06-18,281,,,
Abt,abt,https://jobs.lever.co/abt,https://api.lever.co/v0/postings/abt?mode=json,open-apply-jobs,2025-11-06,2025-11-06,14,,,
Abtaba,abtaba,https://jobs.lever.co/abtaba,https://api.lever.co/v0/postings/abtaba?mode=json,open-apply-jobs,2024-01-18,2026-06-26,13744,,,
Acceldata,acceldata,https://jobs.lever.co/acceldata,https://api.lever.co/v0/postings/acceldata?mode=json,open-apply-jobs,2024-01-20,2026-05-20,2618,,,
Accesssoftek,accesssoftek,https://jobs.lever.co/accesssoftek,https://api.lever.co/v0/postings/accesssoftek?mode=json,open-apply-jobs,2019-11-18,2026-05-22,268,,,
Acds,acds,https://jobs.lever.co/acds,https://api.lever.co/v0/postings/acds?mode=json,open-apply-jobs,2022-06-02,2026-06-20,492,,,
Achievers,achievers,https://jobs.lever.co/achievers,https://api.lever.co/v0/postings/achievers?mode=json,open-apply-jobs,2025-08-27,2026-06-26,1122,,,
Acord,acord,https://jobs.lever.co/acord,https://api.lever.co/v0/postings/acord?mode=json,open-apply-jobs,2021-11-10,2026-04-23,155,,,
Acselhealth,acselhealth,https://jobs.lever.co/acselhealth,https://api.lever.co/v0/postings/acselhealth?mode=json,open-apply-jobs,2020-09-02,2020-10-13,128,,,
Actian,actian,https://jobs.lever.co/actian,https://api.lever.co/v0/postings/actian?mode=json,open-apply-jobs,2023-06-16,2026-06-10,1474,,,
Actionlife,actionlife,https://jobs.lever.co/actionlife,https://api.lever.co/v0/postings/actionlife?mode=json,open-apply-jobs,2025-06-25,2026-06-27,2679,,,
Activecampaign,activecampaign,https://jobs.lever.co/activecampaign,https://api.lever.co/v0/postings/activecampaign?mode=json,open-apply-jobs,2017-11-07,2026-06-25,1396,,,
Additionwealth,additionwealth,https://jobs.lever.co/additionwealth,https://api.lever.co/v0/postings/additionwealth?mode=json,open-apply-jobs,2022-02-08,2026-04-02,928,,,
Addx,addx,https://jobs.lever.co/addx,https://api.lever.co/v0/postings/addx?mode=json,open-apply-jobs,2024-08-07,2026-04-29,428,,,
Adhoclabs,adhoclabs,https://jobs.lever.co/adhoclabs,https://api.lever.co/v0/postings/adhoclabs?mode=json,open-apply-jobs,2023-11-11,2026-04-20,202,,,
Adidevelopments,adidevelopments,https://jobs.lever.co/adidevelopments,https://api.lever.co/v0/postings/adidevelopments?mode=json,open-apply-jobs,2026-04-02,2026-06-26,381,,,
Adora,adora,https://jobs.lever.co/adora,https://api.lever.co/v0/postings/adora?mode=json,open-apply-jobs,2025-01-12,2026-04-01,219,,,
Adtech,adtech,https://jobs.lever.co/adtech,https://api.lever.co/v0/postings/adtech?mode=json,open-apply-jobs,2026-02-04,2026-04-13,27,,,
Advancedagrilytics,advancedagrilytics,https://jobs.lever.co/advancedagrilytics,https://api.lever.co/v0/postings/advancedagrilytics?mode=json,open-apply-jobs,2025-08-08,2026-06-16,300,,,
Adventus,adventus,https://jobs.lever.co/adventus,https://api.lever.co/v0/postings/adventus?mode=json,open-apply-jobs,2023-10-13,2026-06-16,1228,,,
Adverum,adverum,https://jobs.lever.co/adverum,https://api.lever.co/v0/postings/adverum?mode=json,open-apply-jobs,2020-10-29,2026-05-28,687,,,
Advocate,advocate,https://jobs.lever.co/advocate,https://api.lever.co/v0/postings/advocate?mode=json,open-apply-jobs,2024-10-11,2026-02-03,384,,,
Ae,ae-2,https://jobs.lever.co/ae-2,https://api.lever.co/v0/postings/ae-2?mode=json,open-apply-jobs,2018-08-17,2026-06-15,1998,,,
Aeratechnology,aeratechnology,https://jobs.lever.co/aeratechnology,https://api.lever.co/v0/postings/aeratechnology?mode=json,open-apply-jobs,2023-09-19,2026-06-04,1066,,,
Aerispartners.Com,aerispartners.com,https://jobs.lever.co/aerispartners.com,https://api.lever.co/v0/postings/aerispartners.com?mode=json,open-apply-jobs,2022-12-22,2025-08-25,416,,,
Aero,aero,https://jobs.lever.co/aero,https://api.lever.co/v0/postings/aero?mode=json,open-apply-jobs,2024-07-24,2026-06-16,456,,,
Aerostrat,aerostrat,https://jobs.lever.co/aerostrat,https://api.lever.co/v0/postings/aerostrat?mode=json,open-apply-jobs,2026-03-16,2026-06-22,213,,,
Aeva,aeva,https://jobs.lever.co/aeva,https://api.lever.co/v0/postings/aeva?mode=json,open-apply-jobs,2025-04-04,2026-06-17,2303,,,
Afero,afero,https://jobs.lever.co/afero,https://api.lever.co/v0/postings/afero?mode=json,open-apply-jobs,2025-08-08,2026-06-23,172,,,
Agatesoftware,agatesoftware,https://jobs.lever.co/agatesoftware,https://api.lever.co/v0/postings/agatesoftware?mode=json,open-apply-jobs,2025-02-19,2026-06-15,408,,,
Agicap,agicap,https://jobs.lever.co/agicap,https://api.lever.co/v0/postings/agicap?mode=json,open-apply-jobs,2019-07-24,2026-06-22,2863,,,
Agile Defense,agile-defense,https://jobs.lever.co/agile-defense,https://api.lever.co/v0/postings/agile-defense?mode=json,open-apply-jobs,2023-06-05,2026-06-26,8268,,,
Agilesearch,agilesearch,https://jobs.lever.co/agilesearch,https://api.lever.co/v0/postings/agilesearch?mode=json,open-apply-jobs,2017-02-14,2023-08-25,128,,,
Agiloft,agiloft,https://jobs.lever.co/agiloft,https://api.lever.co/v0/postings/agiloft?mode=json,open-apply-jobs,2025-10-20,2026-06-23,1010,,,
Agtonomy,agtonomy,https://jobs.lever.co/agtonomy,https://api.lever.co/v0/postings/agtonomy?mode=json,open-apply-jobs,2025-03-21,2026-05-26,271,,,
Ahschc,ahschc,https://jobs.lever.co/ahschc,https://api.lever.co/v0/postings/ahschc?mode=json,open-apply-jobs,2024-01-11,2026-06-02,1728,,,
Aicrete,aicrete,https://jobs.lever.co/aicrete,https://api.lever.co/v0/postings/aicrete?mode=json,open-apply-jobs,2024-01-09,2024-04-29,192,,,
Aifi,aifi,https://jobs.lever.co/aifi,https://api.lever.co/v0/postings/aifi?mode=json,open-apply-jobs,2025-01-07,2025-10-08,126,,,
Aipconnect,aipconnect,https://jobs.lever.co/aipconnect,https://api.lever.co/v0/postings/aipconnect?mode=json,open-apply-jobs,2019-10-23,2026-06-24,1786,,,
Air Tek,air-tek,https://jobs.lever.co/air-tek,https://api.lever.co/v0/postings/air-tek?mode=json,open-apply-jobs,2021-04-28,2026-05-15,922,,,
Airalo,airalo,https://jobs.lever.co/airalo,https://api.lever.co/v0/postings/airalo?mode=json,open-apply-jobs,2026-01-13,2026-06-26,1026,,,
Aircall,aircall,https://jobs.lever.co/aircall,https://api.lever.co/v0/postings/aircall?mode=json,open-apply-jobs,2021-04-22,2026-06-26,6742,,,
Airdna,airdna,https://jobs.lever.co/airdna,https://api.lever.co/v0/postings/airdna?mode=json,open-apply-jobs,2025-12-05,2026-06-16,110,,,
Airslate,airslate,https://jobs.lever.co/airslate,https://api.lever.co/v0/postings/airslate?mode=json,open-apply-jobs,2023-04-18,2026-06-25,997,,,
Airtm,airtm,https://jobs.lever.co/airtm,https://api.lever.co/v0/postings/airtm?mode=json,open-apply-jobs,2026-02-12,2026-05-28,129,,,
Aisafety,aisafety,https://jobs.lever.co/aisafety,https://api.lever.co/v0/postings/aisafety?mode=json,open-apply-jobs,2022-10-07,2026-06-08,1030,,,
Aizon,aizon,https://jobs.lever.co/aizon,https://api.lever.co/v0/postings/aizon?mode=json,open-apply-jobs,2025-11-25,2026-06-15,289,,,
Ajax,ajax,https://jobs.lever.co/ajax,https://api.lever.co/v0/postings/ajax?mode=json,open-apply-jobs,2022-09-02,2026-06-26,14372,,,
Ajccanada,ajccanada,https://jobs.lever.co/ajccanada,https://api.lever.co/v0/postings/ajccanada?mode=json,open-apply-jobs,2022-08-17,2024-08-26,1280,,,
Akabrands,akabrands,https://jobs.lever.co/akabrands,https://api.lever.co/v0/postings/akabrands?mode=json,open-apply-jobs,2021-01-29,2025-09-04,448,,,
Aldar,aldar,https://jobs.lever.co/aldar,https://api.lever.co/v0/postings/aldar?mode=json,open-apply-jobs,2024-04-18,2026-06-26,3012,,,
Alector,alector,https://jobs.lever.co/alector,https://api.lever.co/v0/postings/alector?mode=json,open-apply-jobs,2026-02-27,2026-03-28,103,,,
Aledade,aledade,https://jobs.lever.co/aledade,https://api.lever.co/v0/postings/aledade?mode=json,open-apply-jobs,2024-10-24,2026-06-25,4578,,,
Aleph,aleph,https://jobs.lever.co/aleph,https://api.lever.co/v0/postings/aleph?mode=json,open-apply-jobs,2024-09-04,2026-06-26,6338,,,
Alertus,alertus,https://jobs.lever.co/alertus,https://api.lever.co/v0/postings/alertus?mode=json,open-apply-jobs,2022-02-04,2026-05-19,1462,,,
Algorex,algorex,https://jobs.lever.co/algorex,https://api.lever.co/v0/postings/algorex?mode=json,open-apply-jobs,2026-03-16,2026-03-16,19,,,
Alice Bob,alice-bob,https://jobs.lever.co/alice-bob,https://api.lever.co/v0/postings/alice-bob?mode=json,open-apply-jobs,2024-02-06,2026-06-23,1901,,,
Alifsemi,alifsemi,https://jobs.lever.co/alifsemi,https://api.lever.co/v0/postings/alifsemi?mode=json,open-apply-jobs,2022-11-08,2026-06-08,648,,,
Alimentiv,alimentiv-2,https://jobs.lever.co/alimentiv-2,https://api.lever.co/v0/postings/alimentiv-2?mode=json,open-apply-jobs,2024-12-23,2026-06-24,2624,,,
All.Health,all.health,https://jobs.lever.co/all.health,https://api.lever.co/v0/postings/all.health?mode=json,open-apply-jobs,2026-01-13,2026-05-28,74,,,
Allears Vet,allears-vet,https://jobs.lever.co/allears-vet,https://api.lever.co/v0/postings/allears-vet?mode=json,open-apply-jobs,2025-12-09,2026-04-13,98,,,
Allegiantair,allegiantair,https://jobs.lever.co/allegiantair,https://api.lever.co/v0/postings/allegiantair?mode=json,open-apply-jobs,2025-09-04,2026-06-26,3087,,,
Alliedbeverage,alliedbeverage,https://jobs.lever.co/alliedbeverage,https://api.lever.co/v0/postings/alliedbeverage?mode=json,open-apply-jobs,2025-11-06,2026-06-22,648,,,
Alliedreit,alliedreit,https://jobs.lever.co/alliedreit,https://api.lever.co/v0/postings/alliedreit?mode=json,open-apply-jobs,2023-05-02,2026-06-26,978,,,
Alloy,alloy,https://jobs.lever.co/alloy,https://api.lever.co/v0/postings/alloy?mode=json,open-apply-jobs,2018-02-28,2026-04-23,417,,,
Alltrails,alltrails,https://jobs.lever.co/alltrails,https://api.lever.co/v0/postings/alltrails?mode=json,open-apply-jobs,2025-10-01,2026-06-22,51,,,
Alluxio,alluxio,https://jobs.lever.co/alluxio,https://api.lever.co/v0/postings/alluxio?mode=json,open-apply-jobs,2020-09-11,2026-04-20,474,,,
Allworknow,allworknow,https://jobs.lever.co/allworknow,https://api.lever.co/v0/postings/allworknow?mode=json,open-apply-jobs,2024-02-27,2025-07-23,96,,,
Alpinestars,alpinestars,https://jobs.lever.co/alpinestars,https://api.lever.co/v0/postings/alpinestars?mode=json,open-apply-jobs,2024-12-12,2026-06-11,559,,,
Altaml,altaml,https://jobs.lever.co/altaml,https://api.lever.co/v0/postings/altaml?mode=json,open-apply-jobs,2025-02-13,2026-06-24,597,,,
Altarum,altarum,https://jobs.lever.co/altarum,https://api.lever.co/v0/postings/altarum?mode=json,open-apply-jobs,2026-02-11,2026-06-17,285,,,
Amberelectric,amberelectric,https://jobs.lever.co/amberelectric,https://api.lever.co/v0/postings/amberelectric?mode=json,open-apply-jobs,2026-02-02,2026-06-25,485,,,
Ambirobotics,ambirobotics,https://jobs.lever.co/ambirobotics,https://api.lever.co/v0/postings/ambirobotics?mode=json,open-apply-jobs,2025-09-19,2026-05-29,329,,,
Amityfdn,amityfdn,https://jobs.lever.co/amityfdn,https://api.lever.co/v0/postings/amityfdn?mode=json,open-apply-jobs,2025-01-07,2026-06-26,7968,,,
Ampd Energy,ampd-energy,https://jobs.lever.co/ampd-energy,https://api.lever.co/v0/postings/ampd-energy?mode=json,open-apply-jobs,2023-08-21,2026-06-25,115,,,
Ampeco Global,ampeco-global,https://jobs.lever.co/ampeco-global,https://api.lever.co/v0/postings/ampeco-global?mode=json,open-apply-jobs,2023-09-20,2026-06-19,424,,,
Amsty,amsty,https://jobs.lever.co/amsty,https://api.lever.co/v0/postings/amsty?mode=json,open-apply-jobs,2025-09-05,2026-06-23,481,,,
Amtengineering,amtengineering,https://jobs.lever.co/amtengineering,https://api.lever.co/v0/postings/amtengineering?mode=json,open-apply-jobs,2023-08-21,2026-06-18,6187,,,
Ana Corp,ana-corp,https://jobs.lever.co/ana-corp,https://api.lever.co/v0/postings/ana-corp?mode=json,open-apply-jobs,2023-04-19,2026-06-25,546,,,
Anagramsecurity,anagramsecurity,https://jobs.lever.co/anagramsecurity,https://api.lever.co/v0/postings/anagramsecurity?mode=json,open-apply-jobs,2025-11-25,2026-03-30,91,,,
Analogfolk,analogfolk,https://jobs.lever.co/analogfolk,https://api.lever.co/v0/postings/analogfolk?mode=json,open-apply-jobs,2026-01-27,2026-04-02,183,,,
Analyticpartners,analyticpartners,https://jobs.lever.co/analyticpartners,https://api.lever.co/v0/postings/analyticpartners?mode=json,open-apply-jobs,2023-06-02,2026-06-08,1539,,,
Anavationllc,anavationllc,https://jobs.lever.co/anavationllc,https://api.lever.co/v0/postings/anavationllc?mode=json,open-apply-jobs,2020-07-15,2026-06-22,2727,,,
Anchorage,anchorage,https://jobs.lever.co/anchorage,https://api.lever.co/v0/postings/anchorage?mode=json,open-apply-jobs,2024-01-22,2026-06-17,4674,,,
Andersencorp,andersencorp,https://jobs.lever.co/andersencorp,https://api.lever.co/v0/postings/andersencorp?mode=json,open-apply-jobs,2020-05-19,2026-06-22,6974,,,
Angel,angel,https://jobs.lever.co/angel,https://api.lever.co/v0/postings/angel?mode=json,open-apply-jobs,2025-12-12,2026-04-27,283,,,
Angellist,angellist,https://jobs.lever.co/angellist,https://api.lever.co/v0/postings/angellist?mode=json,open-apply-jobs,2020-05-21,2026-06-24,1101,,,
Animocabrands,animocabrands,https://jobs.lever.co/animocabrands,https://api.lever.co/v0/postings/animocabrands?mode=json,open-apply-jobs,2026-03-24,2026-06-12,312,,,
Anomali,anomali,https://jobs.lever.co/anomali,https://api.lever.co/v0/postings/anomali?mode=json,open-apply-jobs,2025-05-29,2026-06-22,661,,,
Anotherco,anotherco,https://jobs.lever.co/anotherco,https://api.lever.co/v0/postings/anotherco?mode=json,open-apply-jobs,2016-02-19,2026-05-06,1937,,,
Ansatzcapital,ansatzcapital,https://jobs.lever.co/ansatzcapital,https://api.lever.co/v0/postings/ansatzcapital?mode=json,open-apply-jobs,2016-05-24,2025-09-24,315,,,
Anybotics,anybotics,https://jobs.lever.co/anybotics,https://api.lever.co/v0/postings/anybotics?mode=json,open-apply-jobs,2019-11-12,2026-06-19,1333,,,
Anyroad,anyroad,https://jobs.lever.co/anyroad,https://api.lever.co/v0/postings/anyroad?mode=json,open-apply-jobs,2026-04-27,2026-04-27,45,,,
Anyscale,anyscale,https://jobs.lever.co/anyscale,https://api.lever.co/v0/postings/anyscale?mode=json,open-apply-jobs,2025-02-14,2025-02-14,63,,,
Anysignal,anysignal,https://jobs.lever.co/anysignal,https://api.lever.co/v0/postings/anysignal?mode=json,open-apply-jobs,2023-05-22,2026-01-12,207,,,
Aofl,aofl,https://jobs.lever.co/aofl,https://api.lever.co/v0/postings/aofl?mode=json,open-apply-jobs,2025-10-28,2026-05-29,330,,,
Aogarciaagency,aogarciaagency,https://jobs.lever.co/aogarciaagency,https://api.lever.co/v0/postings/aogarciaagency?mode=json,open-apply-jobs,2026-01-30,2026-06-26,31500,,,
Aperturehealth,aperturehealth,https://jobs.lever.co/aperturehealth,https://api.lever.co/v0/postings/aperturehealth?mode=json,open-apply-jobs,2026-02-24,2026-05-22,83,,,
Apex Ai,apex-ai,https://jobs.lever.co/apex-ai,https://api.lever.co/v0/postings/apex-ai?mode=json,open-apply-jobs,2026-05-01,2026-06-27,128,,,
Apexpi,apexpi,https://jobs.lever.co/apexpi,https://api.lever.co/v0/postings/apexpi?mode=json,open-apply-jobs,2025-11-03,2026-06-09,250,,,
Apolloagriculture,apolloagriculture,https://jobs.lever.co/apolloagriculture,https://api.lever.co/v0/postings/apolloagriculture?mode=json,open-apply-jobs,2025-09-23,2026-03-18,121,,,
Apolloresearch,apolloresearch,https://jobs.lever.co/apolloresearch,https://api.lever.co/v0/postings/apolloresearch?mode=json,open-apply-jobs,2024-01-23,2026-06-19,709,,,
Appcues,appcues-2,https://jobs.lever.co/appcues-2,https://api.lever.co/v0/postings/appcues-2?mode=json,open-apply-jobs,2026-02-17,2026-05-19,31,,,
Appen,appen,https://jobs.lever.co/appen,https://api.lever.co/v0/postings/appen?mode=json,open-apply-jobs,2024-01-05,2026-06-25,2998,,,
Appen,appen-2,https://jobs.lever.co/appen-2,https://api.lever.co/v0/postings/appen-2?mode=json,open-apply-jobs,2026-01-06,2026-06-23,447,,,
Appfollow,appfollow,https://jobs.lever.co/appfollow,https://api.lever.co/v0/postings/appfollow?mode=json,open-apply-jobs,2026-01-21,2026-06-12,157,,,
Applike,applike,https://jobs.lever.co/applike,https://api.lever.co/v0/postings/applike?mode=json,open-apply-jobs,2021-11-17,2026-05-18,2343,,,
Applydigital,applydigital,https://jobs.lever.co/applydigital,https://api.lever.co/v0/postings/applydigital?mode=json,open-apply-jobs,2025-01-21,2026-06-26,1672,,,
Appsamurai,appsamurai,https://jobs.lever.co/appsamurai,https://api.lever.co/v0/postings/appsamurai?mode=json,open-apply-jobs,2026-05-04,2026-05-04,72,,,
Appzen,appzen,https://jobs.lever.co/appzen,https://api.lever.co/v0/postings/appzen?mode=json,open-apply-jobs,2019-05-08,2026-06-23,1577,,,
Aqemia.Com,aqemia.com,https://jobs.lever.co/aqemia.com,https://api.lever.co/v0/postings/aqemia.com?mode=json,open-apply-jobs,2022-12-23,2026-06-19,522,,,
Aquabyte,aquabyte,https://jobs.lever.co/aquabyte,https://api.lever.co/v0/postings/aquabyte?mode=json,open-apply-jobs,2024-10-02,2026-06-23,662,,,
Arable,arable,https://jobs.lever.co/arable,https://api.lever.co/v0/postings/arable?mode=json,open-apply-jobs,2025-12-08,2026-05-13,304,,,
Arbitalhealth,arbitalhealth,https://jobs.lever.co/arbitalhealth,https://api.lever.co/v0/postings/arbitalhealth?mode=json,open-apply-jobs,2025-09-29,2026-06-24,144,,,
Arbitrumfoundation,arbitrumfoundation,https://jobs.lever.co/arbitrumfoundation,https://api.lever.co/v0/postings/arbitrumfoundation?mode=json,open-apply-jobs,2023-05-16,2025-02-13,189,,,
Arcadia,arcadia,https://jobs.lever.co/arcadia,https://api.lever.co/v0/postings/arcadia?mode=json,open-apply-jobs,2023-12-13,2026-06-17,943,,,
Arcadiascience,arcadiascience,https://jobs.lever.co/arcadiascience,https://api.lever.co/v0/postings/arcadiascience?mode=json,open-apply-jobs,2023-05-10,2026-06-02,544,,,
Arcteryx.Com,arcteryx.com,https://jobs.lever.co/arcteryx.com,https://api.lever.co/v0/postings/arcteryx.com?mode=json,open-apply-jobs,2021-12-14,2026-06-26,11638,,,
Arootah,arootah,https://jobs.lever.co/arootah,https://api.lever.co/v0/postings/arootah?mode=json,open-apply-jobs,2025-11-25,2026-06-17,585,,,
Arraylabs.Io,arraylabs.io,https://jobs.lever.co/arraylabs.io,https://api.lever.co/v0/postings/arraylabs.io?mode=json,open-apply-jobs,2025-11-19,2026-06-18,1868,,,
Arrivelogistics,arrivelogistics,https://jobs.lever.co/arrivelogistics,https://api.lever.co/v0/postings/arrivelogistics?mode=json,open-apply-jobs,2018-02-06,2026-06-22,5545,,,
Arsenalbio,arsenalbio,https://jobs.lever.co/arsenalbio,https://api.lever.co/v0/postings/arsenalbio?mode=json,open-apply-jobs,2019-10-16,2026-05-20,104,,,
Arsiem,arsiem,https://jobs.lever.co/arsiem,https://api.lever.co/v0/postings/arsiem?mode=json,open-apply-jobs,2021-05-13,2026-06-19,3490,,,
Artbio,artbio,https://jobs.lever.co/artbio,https://api.lever.co/v0/postings/artbio?mode=json,open-apply-jobs,2025-12-11,2026-06-15,193,,,
Artera,artera,https://jobs.lever.co/artera,https://api.lever.co/v0/postings/artera?mode=json,open-apply-jobs,2025-01-31,2026-06-12,555,,,
Artera,artera-2,https://jobs.lever.co/artera-2,https://api.lever.co/v0/postings/artera-2?mode=json,open-apply-jobs,2025-10-24,2026-06-05,391,,,
Articulate,articulate,https://jobs.lever.co/articulate,https://api.lever.co/v0/postings/articulate?mode=json,open-apply-jobs,2025-09-12,2026-06-24,460,,,
Artifactuprising.Com,artifactuprising.com,https://jobs.lever.co/artifactuprising.com,https://api.lever.co/v0/postings/artifactuprising.com?mode=json,open-apply-jobs,2026-01-08,2026-06-15,158,,,
Arundellodge,arundellodge,https://jobs.lever.co/arundellodge,https://api.lever.co/v0/postings/arundellodge?mode=json,open-apply-jobs,2025-06-16,2026-06-11,1056,,,
Asapp,asapp-2,https://jobs.lever.co/asapp-2,https://api.lever.co/v0/postings/asapp-2?mode=json,open-apply-jobs,2022-04-22,2026-06-24,467,,,
Ashoka,ashoka,https://jobs.lever.co/ashoka,https://api.lever.co/v0/postings/ashoka?mode=json,open-apply-jobs,2025-04-21,2026-05-06,499,,,
Askfavor,askfavor,https://jobs.lever.co/askfavor,https://api.lever.co/v0/postings/askfavor?mode=json,open-apply-jobs,2024-04-17,2026-05-20,328,,,
Assist World,assist-world,https://jobs.lever.co/assist-world,https://api.lever.co/v0/postings/assist-world?mode=json,open-apply-jobs,2025-09-18,2026-06-28,5227,,,
Ataccama,ataccama,https://jobs.lever.co/ataccama,https://api.lever.co/v0/postings/ataccama?mode=json,open-apply-jobs,2026-04-08,2026-06-15,307,,,
Atmosera,atmosera,https://jobs.lever.co/atmosera,https://api.lever.co/v0/postings/atmosera?mode=json,open-apply-jobs,2024-03-05,2026-06-24,687,,,
Atomcomputing,atomcomputing,https://jobs.lever.co/atomcomputing,https://api.lever.co/v0/postings/atomcomputing?mode=json,open-apply-jobs,2026-02-19,2026-06-24,1245,,,
Atomi,atomi,https://jobs.lever.co/atomi,https://api.lever.co/v0/postings/atomi?mode=json,open-apply-jobs,2025-12-18,2026-06-05,319,,,
Atrium Therapeutics,atrium-therapeutics,https://jobs.lever.co/atrium-therapeutics,https://api.lever.co/v0/postings/atrium-therapeutics?mode=json,open-apply-jobs,2026-03-26,2026-06-18,65,,,
Audinate,audinate,https://jobs.lever.co/audinate,https://api.lever.co/v0/postings/audinate?mode=json,open-apply-jobs,2026-03-12,2026-03-30,57,,,
Aurora Dev,aurora-dev,https://jobs.lever.co/aurora-dev,https://api.lever.co/v0/postings/aurora-dev?mode=json,open-apply-jobs,2022-04-14,2022-04-26,126,,,
Authentic8,authentic8,https://jobs.lever.co/authentic8,https://api.lever.co/v0/postings/authentic8?mode=json,open-apply-jobs,2026-03-21,2026-05-12,221,,,
Autofi,autofi,https://jobs.lever.co/autofi,https://api.lever.co/v0/postings/autofi?mode=json,open-apply-jobs,2023-06-07,2026-06-12,404,,,
Automatiq,automatiq,https://jobs.lever.co/automatiq,https://api.lever.co/v0/postings/automatiq?mode=json,open-apply-jobs,2026-03-19,2026-06-22,331,,,
Autoroboto,autoroboto,https://jobs.lever.co/autoroboto,https://api.lever.co/v0/postings/autoroboto?mode=json,open-apply-jobs,2022-06-09,2024-11-05,742,,,
Avalanchestudios,avalanchestudios,https://jobs.lever.co/avalanchestudios,https://api.lever.co/v0/postings/avalanchestudios?mode=json,open-apply-jobs,2025-11-24,2026-06-25,1134,,,
Avalerehealth,avalerehealth,https://jobs.lever.co/avalerehealth,https://api.lever.co/v0/postings/avalerehealth?mode=json,open-apply-jobs,2025-02-19,2026-06-22,1997,,,
Avante,avante,https://jobs.lever.co/avante,https://api.lever.co/v0/postings/avante?mode=json,open-apply-jobs,2025-12-18,2026-06-26,464,,,
Aventon,aventon,https://jobs.lever.co/aventon,https://api.lever.co/v0/postings/aventon?mode=json,open-apply-jobs,2025-09-23,2026-06-17,591,,,
Avertium,avertium,https://jobs.lever.co/avertium,https://api.lever.co/v0/postings/avertium?mode=json,open-apply-jobs,2024-06-07,2026-06-22,312,,,
Aviahealth,aviahealth,https://jobs.lever.co/aviahealth,https://api.lever.co/v0/postings/aviahealth?mode=json,open-apply-jobs,2026-03-12,2026-03-19,95,,,
Avivesolutions,avivesolutions,https://jobs.lever.co/avivesolutions,https://api.lever.co/v0/postings/avivesolutions?mode=json,open-apply-jobs,2024-08-16,2026-06-16,1589,,,
Aviyatech,aviyatech,https://jobs.lever.co/aviyatech,https://api.lever.co/v0/postings/aviyatech?mode=json,open-apply-jobs,2022-05-06,2026-05-27,866,,,
Azul,azul,https://jobs.lever.co/azul,https://api.lever.co/v0/postings/azul?mode=json,open-apply-jobs,2025-02-25,2026-06-19,1092,,,
Backerkit,backerkit,https://jobs.lever.co/backerkit,https://api.lever.co/v0/postings/backerkit?mode=json,open-apply-jobs,2026-05-26,2026-06-16,34,,,
Balbix,balbix,https://jobs.lever.co/balbix,https://api.lever.co/v0/postings/balbix?mode=json,open-apply-jobs,2021-06-16,2025-06-30,693,,,
Bamko,bamko,https://jobs.lever.co/bamko,https://api.lever.co/v0/postings/bamko?mode=json,open-apply-jobs,2022-08-12,2026-06-22,159,,,
Bannerbank,bannerbank,https://jobs.lever.co/bannerbank,https://api.lever.co/v0/postings/bannerbank?mode=json,open-apply-jobs,2025-01-08,2026-06-26,4862,,,
Baoinc,baoinc,https://jobs.lever.co/baoinc,https://api.lever.co/v0/postings/baoinc?mode=json,open-apply-jobs,2017-05-02,2026-04-21,222,,,
Baselane,baselane,https://jobs.lever.co/baselane,https://api.lever.co/v0/postings/baselane?mode=json,open-apply-jobs,2022-08-29,2026-05-13,270,,,
Basis,basis,https://jobs.lever.co/basis,https://api.lever.co/v0/postings/basis?mode=json,open-apply-jobs,2026-01-13,2026-06-03,276,,,
Bazaarvoice,bazaarvoice,https://jobs.lever.co/bazaarvoice,https://api.lever.co/v0/postings/bazaarvoice?mode=json,open-apply-jobs,2025-08-13,2026-06-25,1819,,,
Bcipkg,bcipkg,https://jobs.lever.co/bcipkg,https://api.lever.co/v0/postings/bcipkg?mode=json,open-apply-jobs,2025-09-19,2026-06-25,3171,,,
Beautybarrage,beautybarrage,https://jobs.lever.co/beautybarrage,https://api.lever.co/v0/postings/beautybarrage?mode=json,open-apply-jobs,2024-07-03,2026-06-20,8813,,,
Bedrockenergy,bedrockenergy,https://jobs.lever.co/bedrockenergy,https://api.lever.co/v0/postings/bedrockenergy?mode=json,open-apply-jobs,2026-01-29,2026-05-18,75,,,
Bee Talents,bee-talents,https://jobs.lever.co/bee-talents,https://api.lever.co/v0/postings/bee-talents?mode=json,open-apply-jobs,2023-02-26,2026-06-18,1522,,,
Beedie,beedie,https://jobs.lever.co/beedie,https://api.lever.co/v0/postings/beedie?mode=json,open-apply-jobs,2025-12-09,2026-06-24,869,,,
Beghouconsulting,beghouconsulting,https://jobs.lever.co/beghouconsulting,https://api.lever.co/v0/postings/beghouconsulting?mode=json,open-apply-jobs,2024-11-11,2026-06-25,4931,,,
Bekk,bekk,https://jobs.lever.co/bekk,https://api.lever.co/v0/postings/bekk?mode=json,open-apply-jobs,2017-04-12,2025-08-13,378,,,
Belkins,belkins,https://jobs.lever.co/belkins,https://api.lever.co/v0/postings/belkins?mode=json,open-apply-jobs,2025-10-31,2026-06-24,262,,,
Bellese,bellese,https://jobs.lever.co/bellese,https://api.lever.co/v0/postings/bellese?mode=json,open-apply-jobs,2026-01-07,2026-06-16,986,,,
Bellotalabs,bellotalabs,https://jobs.lever.co/bellotalabs,https://api.lever.co/v0/postings/bellotalabs?mode=json,open-apply-jobs,2024-12-05,2026-06-22,707,,,
Bellwetheram,bellwetheram-2,https://jobs.lever.co/bellwetheram-2,https://api.lever.co/v0/postings/bellwetheram-2?mode=json,open-apply-jobs,2025-02-25,2026-06-23,1060,,,
Belong,belong,https://jobs.lever.co/belong,https://api.lever.co/v0/postings/belong?mode=json,open-apply-jobs,2024-05-05,2026-03-26,2772,,,
Belvederetrading,belvederetrading,https://jobs.lever.co/belvederetrading,https://api.lever.co/v0/postings/belvederetrading?mode=json,open-apply-jobs,2023-02-10,2026-06-02,880,,,
Benchsci,benchsci,https://jobs.lever.co/benchsci,https://api.lever.co/v0/postings/benchsci?mode=json,open-apply-jobs,2026-01-21,2026-06-25,106,,,
Bentoboxent,bentoboxent,https://jobs.lever.co/bentoboxent,https://api.lever.co/v0/postings/bentoboxent?mode=json,open-apply-jobs,2025-02-11,2025-02-11,63,,,
Bespokepost,bespokepost,https://jobs.lever.co/bespokepost,https://api.lever.co/v0/postings/bespokepost?mode=json,open-apply-jobs,2026-01-13,2026-04-10,213,,,
Betr,betr,https://jobs.lever.co/betr,https://api.lever.co/v0/postings/betr?mode=json,open-apply-jobs,2025-11-03,2026-06-23,631,,,
Betterlifepartners,betterlifepartners,https://jobs.lever.co/betterlifepartners,https://api.lever.co/v0/postings/betterlifepartners?mode=json,open-apply-jobs,2025-06-06,2026-04-21,292,,,
Beyondcloudconsulting,beyondcloudconsulting,https://jobs.lever.co/beyondcloudconsulting,https://api.lever.co/v0/postings/beyondcloudconsulting?mode=json,open-apply-jobs,2024-09-30,2026-01-07,147,,,
Beyondmenu,beyondmenu,https://jobs.lever.co/beyondmenu,https://api.lever.co/v0/postings/beyondmenu?mode=json,open-apply-jobs,2026-02-06,2026-06-23,162,,,
Bfsaul,bfsaul,https://jobs.lever.co/bfsaul,https://api.lever.co/v0/postings/bfsaul?mode=json,open-apply-jobs,2025-04-16,2026-06-26,1015,,,
Bfsaulhotels,bfsaulhotels,https://jobs.lever.co/bfsaulhotels,https://api.lever.co/v0/postings/bfsaulhotels?mode=json,open-apply-jobs,2022-04-06,2026-06-25,5751,,,
Bhg Inc,bhg-inc,https://jobs.lever.co/bhg-inc,https://api.lever.co/v0/postings/bhg-inc?mode=json,open-apply-jobs,2020-07-21,2026-06-24,647,,,
Bhhc,bhhc,https://jobs.lever.co/bhhc,https://api.lever.co/v0/postings/bhhc?mode=json,open-apply-jobs,2022-12-31,2026-06-26,3810,,,
Bhvr,bhvr,https://jobs.lever.co/bhvr,https://api.lever.co/v0/postings/bhvr?mode=json,open-apply-jobs,2024-08-22,2026-06-25,2412,,,
Bigblue,bigblue,https://jobs.lever.co/bigblue,https://api.lever.co/v0/postings/bigblue?mode=json,open-apply-jobs,2021-11-15,2026-06-22,2664,,,
Biggie,biggie,https://jobs.lever.co/biggie,https://api.lever.co/v0/postings/biggie?mode=json,open-apply-jobs,2023-08-07,2026-05-15,864,,,
Bighealth,bighealth,https://jobs.lever.co/bighealth,https://api.lever.co/v0/postings/bighealth?mode=json,open-apply-jobs,2025-11-10,2026-04-27,129,,,
Bigtime,bigtime,https://jobs.lever.co/bigtime,https://api.lever.co/v0/postings/bigtime?mode=json,open-apply-jobs,2024-04-17,2025-03-05,82,,,
Billfoldpos,billfoldpos,https://jobs.lever.co/billfoldpos,https://api.lever.co/v0/postings/billfoldpos?mode=json,open-apply-jobs,2022-07-08,2024-06-24,54,,,
Binance,binance,https://jobs.lever.co/binance,https://api.lever.co/v0/postings/binance?mode=json,open-apply-jobs,2019-01-31,2026-06-25,23347,,,
Bioagilytix,bioagilytix,https://jobs.lever.co/bioagilytix,https://api.lever.co/v0/postings/bioagilytix?mode=json,open-apply-jobs,2022-06-29,2026-06-26,661,,,
Biobus.Org,biobus.org,https://jobs.lever.co/biobus.org,https://api.lever.co/v0/postings/biobus.org?mode=json,open-apply-jobs,2026-05-21,2026-05-21,22,,,
Biodigital,biodigital,https://jobs.lever.co/biodigital,https://api.lever.co/v0/postings/biodigital?mode=json,open-apply-jobs,2019-08-26,2025-06-13,189,,,
Biointellisense,biointellisense,https://jobs.lever.co/biointellisense,https://api.lever.co/v0/postings/biointellisense?mode=json,open-apply-jobs,2026-01-13,2026-04-06,208,,,
Biorender,biorender,https://jobs.lever.co/biorender,https://api.lever.co/v0/postings/biorender?mode=json,open-apply-jobs,2026-06-16,2026-06-16,12,,,
Bisnow,bisnow,https://jobs.lever.co/bisnow,https://api.lever.co/v0/postings/bisnow?mode=json,open-apply-jobs,2025-11-04,2026-06-26,2391,,,
Bizlibrary,bizlibrary,https://jobs.lever.co/bizlibrary,https://api.lever.co/v0/postings/bizlibrary?mode=json,open-apply-jobs,2025-04-22,2026-05-19,16,,,
Bkln,bkln,https://jobs.lever.co/bkln,https://api.lever.co/v0/postings/bkln?mode=json,open-apply-jobs,2021-10-31,2025-09-25,126,,,
Blablacar,blablacar,https://jobs.lever.co/blablacar,https://api.lever.co/v0/postings/blablacar?mode=json,open-apply-jobs,2025-11-25,2026-06-26,1383,,,
Blackbirdinteractive,blackbirdinteractive,https://jobs.lever.co/blackbirdinteractive,https://api.lever.co/v0/postings/blackbirdinteractive?mode=json,open-apply-jobs,2017-11-02,2026-06-26,1223,,,
Blencorp,blencorp,https://jobs.lever.co/blencorp,https://api.lever.co/v0/postings/blencorp?mode=json,open-apply-jobs,2024-08-21,2026-05-06,250,,,
Blinkux,blinkux,https://jobs.lever.co/blinkux,https://api.lever.co/v0/postings/blinkux?mode=json,open-apply-jobs,2023-01-19,2026-06-05,455,,,
Blinq,blinq,https://jobs.lever.co/blinq,https://api.lever.co/v0/postings/blinq?mode=json,open-apply-jobs,2025-09-11,2026-05-22,688,,,
Bloom,bloom,https://jobs.lever.co/bloom,https://api.lever.co/v0/postings/bloom?mode=json,open-apply-jobs,2024-12-11,2026-06-24,705,,,
Bloomon,bloomon,https://jobs.lever.co/bloomon,https://api.lever.co/v0/postings/bloomon?mode=json,open-apply-jobs,2024-10-03,2026-06-12,735,,,
Blue,blue,https://jobs.lever.co/blue,https://api.lever.co/v0/postings/blue?mode=json,open-apply-jobs,2024-05-09,2026-06-17,254,,,
Bluebottlecoffee,bluebottlecoffee,https://jobs.lever.co/bluebottlecoffee,https://api.lever.co/v0/postings/bluebottlecoffee?mode=json,open-apply-jobs,2018-12-04,2026-06-26,4240,,,
Bluecatnetworks,bluecatnetworks,https://jobs.lever.co/bluecatnetworks,https://api.lever.co/v0/postings/bluecatnetworks?mode=json,open-apply-jobs,2024-08-20,2026-06-15,2042,,,
Bluecoding,bluecoding,https://jobs.lever.co/bluecoding,https://api.lever.co/v0/postings/bluecoding?mode=json,open-apply-jobs,2025-11-07,2026-06-25,194,,,
Blueland,blueland,https://jobs.lever.co/blueland,https://api.lever.co/v0/postings/blueland?mode=json,open-apply-jobs,2025-10-21,2026-06-12,159,,,
Bluelightconsulting,bluelightconsulting,https://jobs.lever.co/bluelightconsulting,https://api.lever.co/v0/postings/bluelightconsulting?mode=json,open-apply-jobs,2024-09-11,2026-06-02,31168,,,
Bluematrix,bluematrix,https://jobs.lever.co/bluematrix,https://api.lever.co/v0/postings/bluematrix?mode=json,open-apply-jobs,2025-12-23,2026-04-21,503,,,
Bluerocktx,bluerocktx,https://jobs.lever.co/bluerocktx,https://api.lever.co/v0/postings/bluerocktx?mode=json,open-apply-jobs,2026-01-05,2026-06-25,592,,,
Bluesight,bluesight,https://jobs.lever.co/bluesight,https://api.lever.co/v0/postings/bluesight?mode=json,open-apply-jobs,2025-12-10,2026-06-23,214,,,
Bluespace,bluespace,https://jobs.lever.co/bluespace,https://api.lever.co/v0/postings/bluespace?mode=json,open-apply-jobs,2024-02-13,2025-07-21,540,,,
Bogaardgroup,bogaardgroup,https://jobs.lever.co/bogaardgroup,https://api.lever.co/v0/postings/bogaardgroup?mode=json,open-apply-jobs,2025-08-29,2026-06-18,92,,,
Bold Orange,bold-orange,https://jobs.lever.co/bold-orange,https://api.lever.co/v0/postings/bold-orange?mode=json,open-apply-jobs,2026-03-09,2026-06-25,99,,,
Bolster,bolster,https://jobs.lever.co/bolster,https://api.lever.co/v0/postings/bolster?mode=json,open-apply-jobs,2026-03-04,2026-06-03,214,,,
Boltjobs,boltjobs,https://jobs.lever.co/boltjobs,https://api.lever.co/v0/postings/boltjobs?mode=json,open-apply-jobs,2019-01-29,2019-04-17,320,,,
Bonedry,bonedry,https://jobs.lever.co/bonedry,https://api.lever.co/v0/postings/bonedry?mode=json,open-apply-jobs,2025-05-23,2026-06-25,4555,,,
Bosonai,bosonai,https://jobs.lever.co/bosonai,https://api.lever.co/v0/postings/bosonai?mode=json,open-apply-jobs,2025-06-06,2025-06-18,189,,,
Boston Materials,boston-materials,https://jobs.lever.co/boston-materials,https://api.lever.co/v0/postings/boston-materials?mode=json,open-apply-jobs,2025-07-22,2026-06-25,787,,,
Bostonimaging,bostonimaging,https://jobs.lever.co/bostonimaging,https://api.lever.co/v0/postings/bostonimaging?mode=json,open-apply-jobs,2025-08-12,2025-11-12,448,,,
Bounteous,bounteous,https://jobs.lever.co/bounteous,https://api.lever.co/v0/postings/bounteous?mode=json,open-apply-jobs,2023-04-18,2026-06-23,1497,,,
Boxbot,boxbot,https://jobs.lever.co/boxbot,https://api.lever.co/v0/postings/boxbot?mode=json,open-apply-jobs,2023-08-02,2026-05-28,356,,,
Bpmcpa,bpmcpa,https://jobs.lever.co/bpmcpa,https://api.lever.co/v0/postings/bpmcpa?mode=json,open-apply-jobs,2018-11-19,2026-06-26,3749,,,
Brafton,brafton,https://jobs.lever.co/brafton,https://api.lever.co/v0/postings/brafton?mode=json,open-apply-jobs,2026-01-23,2026-06-24,992,,,
Brainstorminc,brainstorminc,https://jobs.lever.co/brainstorminc,https://api.lever.co/v0/postings/brainstorminc?mode=json,open-apply-jobs,2025-02-03,2026-06-08,177,,,
Branch.Gg,branch.gg,https://jobs.lever.co/branch.gg,https://api.lever.co/v0/postings/branch.gg?mode=json,open-apply-jobs,2024-12-29,2024-12-29,63,,,
Brand Knew,brand-knew,https://jobs.lever.co/brand-knew,https://api.lever.co/v0/postings/brand-knew?mode=json,open-apply-jobs,2017-09-29,2026-05-15,294,,,
Brevo,brevo,https://jobs.lever.co/brevo,https://api.lever.co/v0/postings/brevo?mode=json,open-apply-jobs,2024-02-12,2026-06-11,1234,,,
Bricknetworks,bricknetworks,https://jobs.lever.co/bricknetworks,https://api.lever.co/v0/postings/bricknetworks?mode=json,open-apply-jobs,2025-07-24,2026-06-17,2283,,,
Brighte,brighte,https://jobs.lever.co/brighte,https://api.lever.co/v0/postings/brighte?mode=json,open-apply-jobs,2026-02-12,2026-06-26,323,,,
Brightedge,brightedge,https://jobs.lever.co/brightedge,https://api.lever.co/v0/postings/brightedge?mode=json,open-apply-jobs,2017-04-26,2026-05-29,1582,,,
Brightmachines,brightmachines,https://jobs.lever.co/brightmachines,https://api.lever.co/v0/postings/brightmachines?mode=json,open-apply-jobs,2026-02-03,2026-06-23,1577,,,
Brightonjones,brightonjones,https://jobs.lever.co/brightonjones,https://api.lever.co/v0/postings/brightonjones?mode=json,open-apply-jobs,2022-03-15,2026-06-26,2141,,,
Brightseedbio,brightseedbio,https://jobs.lever.co/brightseedbio,https://api.lever.co/v0/postings/brightseedbio?mode=json,open-apply-jobs,2021-01-28,2021-01-28,64,,,
Brilliant,brilliant,https://jobs.lever.co/brilliant,https://api.lever.co/v0/postings/brilliant?mode=json,open-apply-jobs,2025-01-31,2026-06-17,203,,,
Brillio,brillio-2,https://jobs.lever.co/brillio-2,https://api.lever.co/v0/postings/brillio-2?mode=json,open-apply-jobs,2023-04-25,2026-06-22,9203,,,
Brindleyengineering,brindleyengineering,https://jobs.lever.co/brindleyengineering,https://api.lever.co/v0/postings/brindleyengineering?mode=json,open-apply-jobs,2022-04-14,2026-06-10,1398,,,
Britecore,britecore,https://jobs.lever.co/britecore,https://api.lever.co/v0/postings/britecore?mode=json,open-apply-jobs,2024-11-04,2025-09-09,448,,,
Brooksrunning,brooksrunning,https://jobs.lever.co/brooksrunning,https://api.lever.co/v0/postings/brooksrunning?mode=json,open-apply-jobs,2022-05-05,2026-06-26,3638,,,
Brotherhoodcrusade,brotherhoodcrusade,https://jobs.lever.co/brotherhoodcrusade,https://api.lever.co/v0/postings/brotherhoodcrusade?mode=json,open-apply-jobs,2026-03-13,2026-05-13,76,,,
Btse,btse,https://jobs.lever.co/btse,https://api.lever.co/v0/postings/btse?mode=json,open-apply-jobs,2024-04-01,2026-06-23,5378,,,
Buckmason,buckmason,https://jobs.lever.co/buckmason,https://api.lever.co/v0/postings/buckmason?mode=json,open-apply-jobs,2015-08-20,2026-06-17,13345,,,
Buildingswell,buildingswell,https://jobs.lever.co/buildingswell,https://api.lever.co/v0/postings/buildingswell?mode=json,open-apply-jobs,2023-10-10,2025-11-03,128,,,
Bumbleinc,bumbleinc,https://jobs.lever.co/bumbleinc,https://api.lever.co/v0/postings/bumbleinc?mode=json,open-apply-jobs,2024-06-21,2026-06-24,2489,,,
Buoysoftware,buoysoftware,https://jobs.lever.co/buoysoftware,https://api.lever.co/v0/postings/buoysoftware?mode=json,open-apply-jobs,2026-01-15,2026-01-15,2,,,
Burga,burga,https://jobs.lever.co/burga,https://api.lever.co/v0/postings/burga?mode=json,open-apply-jobs,2025-01-20,2026-06-26,2084,,,
Businesswire,businesswire,https://jobs.lever.co/businesswire,https://api.lever.co/v0/postings/businesswire?mode=json,open-apply-jobs,2025-12-09,2026-06-23,393,,,
Butcherbox,butcherbox,https://jobs.lever.co/butcherbox,https://api.lever.co/v0/postings/butcherbox?mode=json,open-apply-jobs,2024-05-30,2026-04-27,203,,,
Buyboxexperts,buyboxexperts,https://jobs.lever.co/buyboxexperts,https://api.lever.co/v0/postings/buyboxexperts?mode=json,open-apply-jobs,2026-04-21,2026-04-21,20,,,
Bv,bv,https://jobs.lever.co/bv,https://api.lever.co/v0/postings/bv?mode=json,open-apply-jobs,2022-08-01,2026-06-26,3024,,,
C12Qe,c12qe,https://jobs.lever.co/c12qe,https://api.lever.co/v0/postings/c12qe?mode=json,open-apply-jobs,2026-01-19,2026-06-26,380,,,
Cabonorte,cabonorte,https://jobs.lever.co/cabonorte,https://api.lever.co/v0/postings/cabonorte?mode=json,open-apply-jobs,2022-06-06,2026-06-23,3171,,,
Cagents,cagents,https://jobs.lever.co/cagents,https://api.lever.co/v0/postings/cagents?mode=json,open-apply-jobs,2020-10-28,2026-06-24,5074,,,
Caliza Financial Technologies,caliza-financial-technologies,https://jobs.lever.co/caliza-financial-technologies,https://api.lever.co/v0/postings/caliza-financial-technologies?mode=json,open-apply-jobs,2026-01-09,2026-05-08,126,,,
Callan,callan,https://jobs.lever.co/callan,https://api.lever.co/v0/postings/callan?mode=json,open-apply-jobs,2025-07-18,2026-06-27,244,,,
Calstart,calstart,https://jobs.lever.co/calstart,https://api.lever.co/v0/postings/calstart?mode=json,open-apply-jobs,2026-01-28,2026-06-17,673,,,
Cambiumnetworks,cambiumnetworks,https://jobs.lever.co/cambiumnetworks,https://api.lever.co/v0/postings/cambiumnetworks?mode=json,open-apply-jobs,2025-05-27,2026-05-22,767,,,
Campusworksinc,campusworksinc,https://jobs.lever.co/campusworksinc,https://api.lever.co/v0/postings/campusworksinc?mode=json,open-apply-jobs,2025-01-21,2026-06-23,1252,,,
Canarytechnologies,canarytechnologies,https://jobs.lever.co/canarytechnologies,https://api.lever.co/v0/postings/canarytechnologies?mode=json,open-apply-jobs,2024-09-30,2026-06-25,2422,,,
Candlinspection,candlinspection,https://jobs.lever.co/candlinspection,https://api.lever.co/v0/postings/candlinspection?mode=json,open-apply-jobs,2020-02-17,2025-05-28,2331,,,
Canopy Ad,canopy-ad,https://jobs.lever.co/canopy-ad,https://api.lever.co/v0/postings/canopy-ad?mode=json,open-apply-jobs,2025-11-08,2026-06-26,1730,,,
Canvasmedical,canvasmedical,https://jobs.lever.co/canvasmedical,https://api.lever.co/v0/postings/canvasmedical?mode=json,open-apply-jobs,2025-06-04,2025-09-09,384,,,
Canvasww,canvasww,https://jobs.lever.co/canvasww,https://api.lever.co/v0/postings/canvasww?mode=json,open-apply-jobs,2024-12-05,2026-06-25,865,,,
Capital,capital,https://jobs.lever.co/capital,https://api.lever.co/v0/postings/capital?mode=json,open-apply-jobs,2023-10-25,2026-06-19,3738,,,
Capitalsolutionsgroup,capitalsolutionsgroup,https://jobs.lever.co/capitalsolutionsgroup,https://api.lever.co/v0/postings/capitalsolutionsgroup?mode=json,open-apply-jobs,2023-02-18,2025-12-01,1728,,,
Capricor,capricor,https://jobs.lever.co/capricor,https://api.lever.co/v0/postings/capricor?mode=json,open-apply-jobs,2025-10-27,2026-06-25,2330,,,
Captivateiq,captivateiq,https://jobs.lever.co/captivateiq,https://api.lever.co/v0/postings/captivateiq?mode=json,open-apply-jobs,2022-01-26,2026-06-18,1990,,,
Cardiologs,cardiologs,https://jobs.lever.co/cardiologs,https://api.lever.co/v0/postings/cardiologs?mode=json,open-apply-jobs,2023-08-02,2023-08-02,64,,,
Careernowbrands,careernowbrands,https://jobs.lever.co/careernowbrands,https://api.lever.co/v0/postings/careernowbrands?mode=json,open-apply-jobs,2026-04-01,2026-05-28,119,,,
Caremessage,caremessage,https://jobs.lever.co/caremessage,https://api.lever.co/v0/postings/caremessage?mode=json,open-apply-jobs,2026-02-06,2026-06-10,414,,,
Careology,careology,https://jobs.lever.co/careology,https://api.lever.co/v0/postings/careology?mode=json,open-apply-jobs,2026-02-21,2026-06-03,86,,,
Carewest,carewest,https://jobs.lever.co/carewest,https://api.lever.co/v0/postings/carewest?mode=json,open-apply-jobs,2025-02-21,2026-06-18,3000,,,
Cargo Partner,cargo-partner,https://jobs.lever.co/cargo-partner,https://api.lever.co/v0/postings/cargo-partner?mode=json,open-apply-jobs,2019-11-06,2026-06-26,5783,,,
Carolinacenterforaba,carolinacenterforaba,https://jobs.lever.co/carolinacenterforaba,https://api.lever.co/v0/postings/carolinacenterforaba?mode=json,open-apply-jobs,2020-11-25,2026-06-18,3294,,,
Carusoaffiliated,carusoaffiliated,https://jobs.lever.co/carusoaffiliated,https://api.lever.co/v0/postings/carusoaffiliated?mode=json,open-apply-jobs,2025-07-21,2026-06-16,560,,,
Cascade Climate,cascade-climate,https://jobs.lever.co/cascade-climate,https://api.lever.co/v0/postings/cascade-climate?mode=json,open-apply-jobs,2024-01-29,2026-02-23,103,,,
Cascademgt,cascademgt,https://jobs.lever.co/cascademgt,https://api.lever.co/v0/postings/cascademgt?mode=json,open-apply-jobs,2026-02-04,2026-04-02,165,,,
Caseware,caseware,https://jobs.lever.co/caseware,https://api.lever.co/v0/postings/caseware?mode=json,open-apply-jobs,2024-02-26,2026-06-25,2304,,,
Caslservice,caslservice,https://jobs.lever.co/caslservice,https://api.lever.co/v0/postings/caslservice?mode=json,open-apply-jobs,2024-07-29,2026-06-18,372,,,
Catalist,catalist,https://jobs.lever.co/catalist,https://api.lever.co/v0/postings/catalist?mode=json,open-apply-jobs,2025-12-08,2026-06-02,253,,,
Catalyze,catalyze,https://jobs.lever.co/catalyze,https://api.lever.co/v0/postings/catalyze?mode=json,open-apply-jobs,2026-02-27,2026-06-11,101,,,
Catbird,catbird,https://jobs.lever.co/catbird,https://api.lever.co/v0/postings/catbird?mode=json,open-apply-jobs,2024-04-09,2026-06-24,743,,,
Cdcfoundation,cdcfoundation,https://jobs.lever.co/cdcfoundation,https://api.lever.co/v0/postings/cdcfoundation?mode=json,open-apply-jobs,2025-11-06,2026-06-25,1453,,,
Cef,cef,https://jobs.lever.co/cef,https://api.lever.co/v0/postings/cef?mode=json,open-apply-jobs,2023-09-19,2026-05-18,257,,,
Celaralabs,celaralabs,https://jobs.lever.co/celaralabs,https://api.lever.co/v0/postings/celaralabs?mode=json,open-apply-jobs,2026-03-06,2026-06-17,189,,,
Celerion,celerion,https://jobs.lever.co/celerion,https://api.lever.co/v0/postings/celerion?mode=json,open-apply-jobs,2023-06-12,2026-06-26,1629,,,
Celestia,celestia,https://jobs.lever.co/celestia,https://api.lever.co/v0/postings/celestia?mode=json,open-apply-jobs,2026-02-13,2026-02-13,64,,,
Cellares,cellares,https://jobs.lever.co/cellares,https://api.lever.co/v0/postings/cellares?mode=json,open-apply-jobs,2023-05-10,2026-06-18,1683,,,
Centerlinebiomedical.Com,centerlinebiomedical.com,https://jobs.lever.co/centerlinebiomedical.com,https://api.lever.co/v0/postings/centerlinebiomedical.com?mode=json,open-apply-jobs,2026-01-29,2026-06-18,54,,,
Centrifuge,centrifuge,https://jobs.lever.co/centrifuge,https://api.lever.co/v0/postings/centrifuge?mode=json,open-apply-jobs,2021-02-01,2026-04-16,122,,,
Cents,cents,https://jobs.lever.co/cents,https://api.lever.co/v0/postings/cents?mode=json,open-apply-jobs,2023-07-11,2026-05-26,491,,,
Centuria,centuria,https://jobs.lever.co/centuria,https://api.lever.co/v0/postings/centuria?mode=json,open-apply-jobs,2024-05-31,2026-06-26,1432,,,
Certifid,certifid,https://jobs.lever.co/certifid,https://api.lever.co/v0/postings/certifid?mode=json,open-apply-jobs,2021-10-26,2026-04-30,447,,,
Certik,certik,https://jobs.lever.co/certik,https://api.lever.co/v0/postings/certik?mode=json,open-apply-jobs,2021-02-11,2026-06-02,1307,,,
Ceso,ceso,https://jobs.lever.co/ceso,https://api.lever.co/v0/postings/ceso?mode=json,open-apply-jobs,2024-10-11,2026-06-18,3208,,,
Cfgi,cfgi,https://jobs.lever.co/cfgi,https://api.lever.co/v0/postings/cfgi?mode=json,open-apply-jobs,2020-01-20,2026-06-22,5150,,,
Cfsenergy,cfsenergy,https://jobs.lever.co/cfsenergy,https://api.lever.co/v0/postings/cfsenergy?mode=json,open-apply-jobs,2025-10-09,2026-06-25,4186,,,
Cgsfederal,cgsfederal,https://jobs.lever.co/cgsfederal,https://api.lever.co/v0/postings/cgsfederal?mode=json,open-apply-jobs,2026-02-10,2026-06-22,32000,,,
Challengecharterschools,challengecharterschools,https://jobs.lever.co/challengecharterschools,https://api.lever.co/v0/postings/challengecharterschools?mode=json,open-apply-jobs,2022-06-01,2026-05-06,1766,,,
Chargezoom,chargezoom,https://jobs.lever.co/chargezoom,https://api.lever.co/v0/postings/chargezoom?mode=json,open-apply-jobs,2025-06-12,2025-06-12,64,,,
Charitywater,charitywater,https://jobs.lever.co/charitywater,https://api.lever.co/v0/postings/charitywater?mode=json,open-apply-jobs,2025-12-09,2026-06-05,379,,,
Charmindustrial,charmindustrial,https://jobs.lever.co/charmindustrial,https://api.lever.co/v0/postings/charmindustrial?mode=json,open-apply-jobs,2026-01-20,2026-06-25,319,,,
Charter Impact,charter-impact,https://jobs.lever.co/charter-impact,https://api.lever.co/v0/postings/charter-impact?mode=json,open-apply-jobs,2025-03-13,2026-05-26,490,,,
Cheerz,cheerz,https://jobs.lever.co/cheerz,https://api.lever.co/v0/postings/cheerz?mode=json,open-apply-jobs,2019-11-05,2026-06-01,285,,,
Cherre,cherre,https://jobs.lever.co/cherre,https://api.lever.co/v0/postings/cherre?mode=json,open-apply-jobs,2022-03-18,2026-06-11,84,,,
Chooose,chooose,https://jobs.lever.co/chooose,https://api.lever.co/v0/postings/chooose?mode=json,open-apply-jobs,2024-09-12,2026-05-01,404,,,
Chownow,chownow,https://jobs.lever.co/chownow,https://api.lever.co/v0/postings/chownow?mode=json,open-apply-jobs,2026-02-26,2026-06-18,618,,,
Churchatthepark,churchatthepark,https://jobs.lever.co/churchatthepark,https://api.lever.co/v0/postings/churchatthepark?mode=json,open-apply-jobs,2023-08-11,2026-06-24,209,,,
Ciandt,ciandt,https://jobs.lever.co/ciandt,https://api.lever.co/v0/postings/ciandt?mode=json,open-apply-jobs,2025-03-26,2026-06-26,13595,,,
Cic,cic,https://jobs.lever.co/cic,https://api.lever.co/v0/postings/cic?mode=json,open-apply-jobs,2018-02-06,2026-06-16,650,,,
Cimgroup,cimgroup,https://jobs.lever.co/cimgroup,https://api.lever.co/v0/postings/cimgroup?mode=json,open-apply-jobs,2017-01-19,2026-06-25,4379,,,
Cin7,cin7,https://jobs.lever.co/cin7,https://api.lever.co/v0/postings/cin7?mode=json,open-apply-jobs,2026-01-29,2026-06-26,500,,,
Circadiahealth,circadiahealth,https://jobs.lever.co/circadiahealth,https://api.lever.co/v0/postings/circadiahealth?mode=json,open-apply-jobs,2024-10-23,2026-06-27,1588,,,
Cirquedusoleil,cirquedusoleil,https://jobs.lever.co/cirquedusoleil,https://api.lever.co/v0/postings/cirquedusoleil?mode=json,open-apply-jobs,2025-06-10,2026-06-26,2855,,,
Citcon,citcon,https://jobs.lever.co/citcon,https://api.lever.co/v0/postings/citcon?mode=json,open-apply-jobs,2023-10-17,2024-03-06,128,,,
Civitech,civitech,https://jobs.lever.co/civitech,https://api.lever.co/v0/postings/civitech?mode=json,open-apply-jobs,2020-04-14,2026-06-23,759,,,
Clari,clari,https://jobs.lever.co/clari,https://api.lever.co/v0/postings/clari?mode=json,open-apply-jobs,2026-01-19,2026-04-24,156,,,
Clarifyhealth,clarifyhealth,https://jobs.lever.co/clarifyhealth,https://api.lever.co/v0/postings/clarifyhealth?mode=json,open-apply-jobs,2026-04-09,2026-04-17,181,,,
Cleanspark,cleanspark,https://jobs.lever.co/cleanspark,https://api.lever.co/v0/postings/cleanspark?mode=json,open-apply-jobs,2024-01-29,2026-06-17,826,,,
Clearcapital,clearcapital,https://jobs.lever.co/clearcapital,https://api.lever.co/v0/postings/clearcapital?mode=json,open-apply-jobs,2024-01-26,2026-06-18,585,,,
Clearedge,clearedge,https://jobs.lever.co/clearedge,https://api.lever.co/v0/postings/clearedge?mode=json,open-apply-jobs,2020-07-28,2026-06-11,2093,,,
Clearer,clearer,https://jobs.lever.co/clearer,https://api.lever.co/v0/postings/clearer?mode=json,open-apply-jobs,2025-11-21,2026-06-25,368,,,
Clearpoint,clearpoint,https://jobs.lever.co/clearpoint,https://api.lever.co/v0/postings/clearpoint?mode=json,open-apply-jobs,2018-10-16,2026-06-17,489,,,
Clicktime,clicktime,https://jobs.lever.co/clicktime,https://api.lever.co/v0/postings/clicktime?mode=json,open-apply-jobs,2025-12-16,2026-06-16,85,,,
Clinicalhealthnetworkfortransformation,clinicalhealthnetworkfortransformation,https://jobs.lever.co/clinicalhealthnetworkfortransformation,https://api.lever.co/v0/postings/clinicalhealthnetworkfortransformation?mode=json,open-apply-jobs,2021-06-17,2026-05-29,442,,,
Cloaked App,cloaked-app,https://jobs.lever.co/cloaked-app,https://api.lever.co/v0/postings/cloaked-app?mode=json,open-apply-jobs,2024-09-04,2026-03-24,225,,,
Cloudinary,cloudinary,https://jobs.lever.co/cloudinary,https://api.lever.co/v0/postings/cloudinary?mode=json,open-apply-jobs,2024-11-01,2026-06-21,1918,,,
Cloudwalk,cloudwalk,https://jobs.lever.co/cloudwalk,https://api.lever.co/v0/postings/cloudwalk?mode=json,open-apply-jobs,2025-12-26,2026-06-26,1515,,,
Clovirtualfashion,clovirtualfashion,https://jobs.lever.co/clovirtualfashion,https://api.lever.co/v0/postings/clovirtualfashion?mode=json,open-apply-jobs,2022-02-09,2026-06-22,3856,,,
Clubassist,clubassist,https://jobs.lever.co/clubassist,https://api.lever.co/v0/postings/clubassist?mode=json,open-apply-jobs,2025-05-21,2026-05-11,411,,,
Cmgx,cmgx,https://jobs.lever.co/cmgx,https://api.lever.co/v0/postings/cmgx?mode=json,open-apply-jobs,2025-10-03,2026-05-29,304,,,
Cnmllp,cnmllp,https://jobs.lever.co/cnmllp,https://api.lever.co/v0/postings/cnmllp?mode=json,open-apply-jobs,2025-01-29,2026-03-24,128,,,
Coalfire,coalfire,https://jobs.lever.co/coalfire,https://api.lever.co/v0/postings/coalfire?mode=json,open-apply-jobs,2025-03-31,2026-06-26,884,,,
Coatesgroup,coatesgroup,https://jobs.lever.co/coatesgroup,https://api.lever.co/v0/postings/coatesgroup?mode=json,open-apply-jobs,2025-07-30,2026-06-25,2031,,,
Cobaltrobotics,cobaltrobotics,https://jobs.lever.co/cobaltrobotics,https://api.lever.co/v0/postings/cobaltrobotics?mode=json,open-apply-jobs,2023-08-30,2025-05-05,640,,,
Cocollective,cocollective,https://jobs.lever.co/cocollective,https://api.lever.co/v0/postings/cocollective?mode=json,open-apply-jobs,2026-02-25,2026-06-25,131,,,
Coderio,coderio,https://jobs.lever.co/coderio,https://api.lever.co/v0/postings/coderio?mode=json,open-apply-jobs,2025-12-26,2026-06-25,1955,,,
Coderpad,coderpad,https://jobs.lever.co/coderpad,https://api.lever.co/v0/postings/coderpad?mode=json,open-apply-jobs,2025-06-18,2026-05-27,384,,,
Codeway,codeway,https://jobs.lever.co/codeway,https://api.lever.co/v0/postings/codeway?mode=json,open-apply-jobs,2025-03-25,2026-06-26,1772,,,
Cogentanalytics,cogentanalytics,https://jobs.lever.co/cogentanalytics,https://api.lever.co/v0/postings/cogentanalytics?mode=json,open-apply-jobs,2026-01-05,2026-06-26,9150,,,
Coingecko,coingecko,https://jobs.lever.co/coingecko,https://api.lever.co/v0/postings/coingecko?mode=json,open-apply-jobs,2021-09-27,2026-04-08,633,,,
Coinmarketcap,coinmarketcap,https://jobs.lever.co/coinmarketcap,https://api.lever.co/v0/postings/coinmarketcap?mode=json,open-apply-jobs,2025-02-17,2026-06-04,1022,,,
Coins,coins,https://jobs.lever.co/coins,https://api.lever.co/v0/postings/coins?mode=json,open-apply-jobs,2022-06-20,2026-06-25,9857,,,
Colibrigroup,colibrigroup,https://jobs.lever.co/colibrigroup,https://api.lever.co/v0/postings/colibrigroup?mode=json,open-apply-jobs,2023-02-17,2026-06-26,2661,,,
Collabora,collabora,https://jobs.lever.co/collabora,https://api.lever.co/v0/postings/collabora?mode=json,open-apply-jobs,2026-01-07,2026-06-12,367,,,
Collate,collate,https://jobs.lever.co/collate,https://api.lever.co/v0/postings/collate?mode=json,open-apply-jobs,2025-01-07,2026-04-28,996,,,
Collectlyinc,collectlyinc,https://jobs.lever.co/collectlyinc,https://api.lever.co/v0/postings/collectlyinc?mode=json,open-apply-jobs,2023-07-07,2026-05-12,599,,,
Cologix,cologix,https://jobs.lever.co/cologix,https://api.lever.co/v0/postings/cologix?mode=json,open-apply-jobs,2025-10-20,2026-06-25,3212,,,
Coloradocoalition,coloradocoalition,https://jobs.lever.co/coloradocoalition,https://api.lever.co/v0/postings/coloradocoalition?mode=json,open-apply-jobs,2025-11-20,2026-06-26,3119,,,
Commencis,commencis,https://jobs.lever.co/commencis,https://api.lever.co/v0/postings/commencis?mode=json,open-apply-jobs,2025-10-13,2026-05-14,721,,,
Commercearchitects,commercearchitects,https://jobs.lever.co/commercearchitects,https://api.lever.co/v0/postings/commercearchitects?mode=json,open-apply-jobs,2023-01-10,2025-09-26,174,,,
Commoncause,commoncause,https://jobs.lever.co/commoncause,https://api.lever.co/v0/postings/commoncause?mode=json,open-apply-jobs,2026-03-12,2026-06-02,1047,,,
Commonfuture,commonfuture,https://jobs.lever.co/commonfuture,https://api.lever.co/v0/postings/commonfuture?mode=json,open-apply-jobs,2026-03-05,2026-03-05,33,,,
Commonlit,commonlit,https://jobs.lever.co/commonlit,https://api.lever.co/v0/postings/commonlit?mode=json,open-apply-jobs,2026-04-08,2026-05-08,80,,,
Communityactionhouse,communityactionhouse,https://jobs.lever.co/communityactionhouse,https://api.lever.co/v0/postings/communityactionhouse?mode=json,open-apply-jobs,2026-03-23,2026-06-22,253,,,
Companial,companial,https://jobs.lever.co/companial,https://api.lever.co/v0/postings/companial?mode=json,open-apply-jobs,2023-06-22,2026-06-10,387,,,
Compasslexecon,compasslexecon,https://jobs.lever.co/compasslexecon,https://api.lever.co/v0/postings/compasslexecon?mode=json,open-apply-jobs,2023-02-15,2026-02-18,152,,,
Compassx,compassx,https://jobs.lever.co/compassx,https://api.lever.co/v0/postings/compassx?mode=json,open-apply-jobs,2023-03-03,2026-06-10,855,,,
Comply,comply,https://jobs.lever.co/comply,https://api.lever.co/v0/postings/comply?mode=json,open-apply-jobs,2024-11-20,2026-05-26,726,,,
Componentrepairtechnologies,componentrepairtechnologies,https://jobs.lever.co/componentrepairtechnologies,https://api.lever.co/v0/postings/componentrepairtechnologies?mode=json,open-apply-jobs,2023-03-23,2026-06-26,2086,,,
Compound,compound-2,https://jobs.lever.co/compound-2,https://api.lever.co/v0/postings/compound-2?mode=json,open-apply-jobs,2023-06-05,2023-06-05,44,,,
Compstak,compstak,https://jobs.lever.co/compstak,https://api.lever.co/v0/postings/compstak?mode=json,open-apply-jobs,2024-11-21,2026-04-28,409,,,
Computercare,computercare,https://jobs.lever.co/computercare,https://api.lever.co/v0/postings/computercare?mode=json,open-apply-jobs,2026-01-21,2026-06-23,344,,,
Concurrency,concurrency,https://jobs.lever.co/concurrency,https://api.lever.co/v0/postings/concurrency?mode=json,open-apply-jobs,2025-06-03,2026-05-06,267,,,
Conduktor,conduktor,https://jobs.lever.co/conduktor,https://api.lever.co/v0/postings/conduktor?mode=json,open-apply-jobs,2025-10-15,2025-10-15,46,,,
Confluera,confluera,https://jobs.lever.co/confluera,https://api.lever.co/v0/postings/confluera?mode=json,open-apply-jobs,2020-11-05,2021-03-20,704,,,
Connectly,connectly,https://jobs.lever.co/connectly,https://api.lever.co/v0/postings/connectly?mode=json,open-apply-jobs,2025-09-03,2026-02-17,704,,,
Connext Network,connext-network,https://jobs.lever.co/connext-network,https://api.lever.co/v0/postings/connext-network?mode=json,open-apply-jobs,2021-07-30,2021-07-30,64,,,
Constellation,constellation,https://jobs.lever.co/constellation,https://api.lever.co/v0/postings/constellation?mode=json,open-apply-jobs,2025-07-30,2026-04-24,582,,,
Contentsquare,contentsquare,https://jobs.lever.co/contentsquare,https://api.lever.co/v0/postings/contentsquare?mode=json,open-apply-jobs,2025-05-28,2026-06-26,2647,,,
Controlup,controlup,https://jobs.lever.co/controlup,https://api.lever.co/v0/postings/controlup?mode=json,open-apply-jobs,2023-10-05,2026-05-15,864,,,
Convelio,convelio,https://jobs.lever.co/convelio,https://api.lever.co/v0/postings/convelio?mode=json,open-apply-jobs,2020-04-17,2026-06-09,502,,,
Convergentresearch,convergentresearch,https://jobs.lever.co/convergentresearch,https://api.lever.co/v0/postings/convergentresearch?mode=json,open-apply-jobs,2023-08-09,2026-06-26,867,,,
Conversica,conversica,https://jobs.lever.co/conversica,https://api.lever.co/v0/postings/conversica?mode=json,open-apply-jobs,2026-01-17,2026-06-18,209,,,
Coolbet,coolbet,https://jobs.lever.co/coolbet,https://api.lever.co/v0/postings/coolbet?mode=json,open-apply-jobs,2016-12-01,2018-12-07,448,,,
Copia,copia,https://jobs.lever.co/copia,https://api.lever.co/v0/postings/copia?mode=json,open-apply-jobs,2025-01-10,2026-06-23,422,,,
Copiapower,copiapower,https://jobs.lever.co/copiapower,https://api.lever.co/v0/postings/copiapower?mode=json,open-apply-jobs,2024-11-01,2026-05-12,428,,,
Corbalt,corbalt,https://jobs.lever.co/corbalt,https://api.lever.co/v0/postings/corbalt?mode=json,open-apply-jobs,2026-03-18,2026-04-15,111,,,
Cordtechnologies,cordtechnologies,https://jobs.lever.co/cordtechnologies,https://api.lever.co/v0/postings/cordtechnologies?mode=json,open-apply-jobs,2021-10-07,2026-05-17,2293,,,
Corebts,corebts,https://jobs.lever.co/corebts,https://api.lever.co/v0/postings/corebts?mode=json,open-apply-jobs,2025-02-25,2026-06-18,985,,,
Cority,cority,https://jobs.lever.co/cority,https://api.lever.co/v0/postings/cority?mode=json,open-apply-jobs,2026-01-20,2026-06-24,824,,,
Coupa,coupa,https://jobs.lever.co/coupa,https://api.lever.co/v0/postings/coupa?mode=json,open-apply-jobs,2025-09-03,2026-06-24,6413,,,
Court Avenue,court-avenue,https://jobs.lever.co/court-avenue,https://api.lever.co/v0/postings/court-avenue?mode=json,open-apply-jobs,2025-01-07,2026-06-23,725,,,
Cprime,cprime,https://jobs.lever.co/cprime,https://api.lever.co/v0/postings/cprime?mode=json,open-apply-jobs,2025-04-28,2026-06-24,910,,,
Craftwater,craftwater,https://jobs.lever.co/craftwater,https://api.lever.co/v0/postings/craftwater?mode=json,open-apply-jobs,2024-06-27,2026-03-16,347,,,
Creatordeck,creatordeck,https://jobs.lever.co/creatordeck,https://api.lever.co/v0/postings/creatordeck?mode=json,open-apply-jobs,2026-01-09,2026-03-23,256,,,
Cred,cred,https://jobs.lever.co/cred,https://api.lever.co/v0/postings/cred?mode=json,open-apply-jobs,2025-07-04,2026-06-24,452,,,
Crestoperations,crestoperations,https://jobs.lever.co/crestoperations,https://api.lever.co/v0/postings/crestoperations?mode=json,open-apply-jobs,2023-01-24,2026-06-25,6346,,,
Crgo,crgo,https://jobs.lever.co/crgo,https://api.lever.co/v0/postings/crgo?mode=json,open-apply-jobs,2024-02-23,2026-03-16,256,,,
Crosscountry Consulting,crosscountry-consulting,https://jobs.lever.co/crosscountry-consulting,https://api.lever.co/v0/postings/crosscountry-consulting?mode=json,open-apply-jobs,2018-04-17,2026-06-24,5515,,,
Crossfit,crossfit,https://jobs.lever.co/crossfit,https://api.lever.co/v0/postings/crossfit?mode=json,open-apply-jobs,2022-06-16,2026-06-17,166,,,
Crossing Minds,crossing-minds,https://jobs.lever.co/crossing-minds,https://api.lever.co/v0/postings/crossing-minds?mode=json,open-apply-jobs,2021-12-13,2022-11-29,256,,,
Crosslaketech,crosslaketech,https://jobs.lever.co/crosslaketech,https://api.lever.co/v0/postings/crosslaketech?mode=json,open-apply-jobs,2022-03-01,2026-06-19,618,,,
Crossvale,crossvale,https://jobs.lever.co/crossvale,https://api.lever.co/v0/postings/crossvale?mode=json,open-apply-jobs,2025-12-16,2026-01-12,57,,,
Crowdriff,crowdriff,https://jobs.lever.co/crowdriff,https://api.lever.co/v0/postings/crowdriff?mode=json,open-apply-jobs,2026-02-11,2026-05-27,127,,,
Crumbl,crumbl,https://jobs.lever.co/crumbl,https://api.lever.co/v0/postings/crumbl?mode=json,open-apply-jobs,2025-09-19,2026-06-24,872,,,
Cruxocm,cruxocm,https://jobs.lever.co/cruxocm,https://api.lever.co/v0/postings/cruxocm?mode=json,open-apply-jobs,2026-03-25,2026-06-13,85,,,
Crypto,crypto,https://jobs.lever.co/crypto,https://api.lever.co/v0/postings/crypto?mode=json,open-apply-jobs,2022-09-06,2026-06-26,6236,,,
Crypto Innovation,crypto-innovation,https://jobs.lever.co/crypto-innovation,https://api.lever.co/v0/postings/crypto-innovation?mode=json,open-apply-jobs,2024-06-20,2024-06-20,24,,,
Crytek,crytek,https://jobs.lever.co/crytek,https://api.lever.co/v0/postings/crytek?mode=json,open-apply-jobs,2025-06-30,2026-06-17,453,,,
Cscgeneration,cscgeneration-2,https://jobs.lever.co/cscgeneration-2,https://api.lever.co/v0/postings/cscgeneration-2?mode=json,open-apply-jobs,2024-03-01,2026-06-25,26986,,,
Csit,csit,https://jobs.lever.co/csit,https://api.lever.co/v0/postings/csit?mode=json,open-apply-jobs,2022-01-13,2026-06-22,4102,,,
Cti Md,cti-md,https://jobs.lever.co/cti-md,https://api.lever.co/v0/postings/cti-md?mode=json,open-apply-jobs,2023-11-01,2026-06-22,3068,,,
Cubegroup,cubegroup,https://jobs.lever.co/cubegroup,https://api.lever.co/v0/postings/cubegroup?mode=json,open-apply-jobs,2024-04-22,2024-04-22,64,,,
Culdesac,culdesac,https://jobs.lever.co/culdesac,https://api.lever.co/v0/postings/culdesac?mode=json,open-apply-jobs,2025-07-11,2026-04-29,62,,,
Cullinanoncology,cullinanoncology,https://jobs.lever.co/cullinanoncology,https://api.lever.co/v0/postings/cullinanoncology?mode=json,open-apply-jobs,2026-02-11,2026-05-18,89,,,
Curai,curai,https://jobs.lever.co/curai,https://api.lever.co/v0/postings/curai?mode=json,open-apply-jobs,2026-01-10,2026-06-22,610,,,
Curio.Gg,curio.gg,https://jobs.lever.co/curio.gg,https://api.lever.co/v0/postings/curio.gg?mode=json,open-apply-jobs,2022-11-12,2023-02-19,128,,,
Cx2,cx2,https://jobs.lever.co/cx2,https://api.lever.co/v0/postings/cx2?mode=json,open-apply-jobs,2026-01-22,2026-06-26,494,,,
Cxnpl,cxnpl,https://jobs.lever.co/cxnpl,https://api.lever.co/v0/postings/cxnpl?mode=json,open-apply-jobs,2026-02-24,2026-05-28,499,,,
Cxtsoftware,cxtsoftware,https://jobs.lever.co/cxtsoftware,https://api.lever.co/v0/postings/cxtsoftware?mode=json,open-apply-jobs,2026-01-15,2026-05-29,1434,,,
Cyara,cyara,https://jobs.lever.co/cyara,https://api.lever.co/v0/postings/cyara?mode=json,open-apply-jobs,2025-06-09,2026-06-27,1561,,,
Cyderes,cyderes,https://jobs.lever.co/cyderes,https://api.lever.co/v0/postings/cyderes?mode=json,open-apply-jobs,2025-07-04,2026-06-25,1545,,,
Cyngn,cyngn,https://jobs.lever.co/cyngn,https://api.lever.co/v0/postings/cyngn?mode=json,open-apply-jobs,2025-04-22,2026-06-17,750,,,
D Fendsolutions,d-fendsolutions,https://jobs.lever.co/d-fendsolutions,https://api.lever.co/v0/postings/d-fendsolutions?mode=json,open-apply-jobs,2023-09-03,2026-06-25,1871,,,
Dabsinc,dabsinc,https://jobs.lever.co/dabsinc,https://api.lever.co/v0/postings/dabsinc?mode=json,open-apply-jobs,2025-06-12,2026-06-22,2192,,,
Dadavidson,dadavidson,https://jobs.lever.co/dadavidson,https://api.lever.co/v0/postings/dadavidson?mode=json,open-apply-jobs,2024-03-05,2026-06-12,2819,,,
Daedalean,daedalean,https://jobs.lever.co/daedalean,https://api.lever.co/v0/postings/daedalean?mode=json,open-apply-jobs,2020-06-10,2026-01-02,255,,,
Dailywire,dailywire,https://jobs.lever.co/dailywire,https://api.lever.co/v0/postings/dailywire?mode=json,open-apply-jobs,2023-06-14,2026-03-31,716,,,
Daniels Sharpsmart,daniels-sharpsmart,https://jobs.lever.co/daniels-sharpsmart,https://api.lever.co/v0/postings/daniels-sharpsmart?mode=json,open-apply-jobs,2024-02-27,2026-06-26,13943,,,
Danti.Ai,danti.ai,https://jobs.lever.co/danti.ai,https://api.lever.co/v0/postings/danti.ai?mode=json,open-apply-jobs,2023-09-28,2023-09-28,64,,,
Datalabusa,datalabusa,https://jobs.lever.co/datalabusa,https://api.lever.co/v0/postings/datalabusa?mode=json,open-apply-jobs,2025-08-01,2026-06-17,693,,,
Dataroid,dataroid,https://jobs.lever.co/dataroid,https://api.lever.co/v0/postings/dataroid?mode=json,open-apply-jobs,2025-12-25,2026-05-04,156,,,
Dealerware,dealerware,https://jobs.lever.co/dealerware,https://api.lever.co/v0/postings/dealerware?mode=json,open-apply-jobs,2026-01-30,2026-05-19,249,,,
Decilegroup,decilegroup,https://jobs.lever.co/decilegroup,https://api.lever.co/v0/postings/decilegroup?mode=json,open-apply-jobs,2022-02-16,2026-06-08,1485,,,
Deepgenomics,deepgenomics,https://jobs.lever.co/deepgenomics,https://api.lever.co/v0/postings/deepgenomics?mode=json,open-apply-jobs,2026-02-13,2026-06-08,187,,,
Deepsky,deepsky,https://jobs.lever.co/deepsky,https://api.lever.co/v0/postings/deepsky?mode=json,open-apply-jobs,2024-08-30,2026-05-05,618,,,
Deleteme,deleteme,https://jobs.lever.co/deleteme,https://api.lever.co/v0/postings/deleteme?mode=json,open-apply-jobs,2025-05-15,2026-05-27,743,,,
Delfidiagnostics,delfidiagnostics,https://jobs.lever.co/delfidiagnostics,https://api.lever.co/v0/postings/delfidiagnostics?mode=json,open-apply-jobs,2025-12-22,2026-06-12,249,,,
Deliverect,deliverect,https://jobs.lever.co/deliverect,https://api.lever.co/v0/postings/deliverect?mode=json,open-apply-jobs,2023-08-30,2026-06-26,1154,,,
Deltaairportconsultants,deltaairportconsultants,https://jobs.lever.co/deltaairportconsultants,https://api.lever.co/v0/postings/deltaairportconsultants?mode=json,open-apply-jobs,2026-04-02,2026-06-12,394,,,
Deltasands,deltasands,https://jobs.lever.co/deltasands,https://api.lever.co/v0/postings/deltasands?mode=json,open-apply-jobs,2023-03-28,2026-06-26,1495,,,
Demiurgestudios,demiurgestudios,https://jobs.lever.co/demiurgestudios,https://api.lever.co/v0/postings/demiurgestudios?mode=json,open-apply-jobs,2026-02-03,2026-06-12,115,,,
Deputy,deputy,https://jobs.lever.co/deputy,https://api.lever.co/v0/postings/deputy?mode=json,open-apply-jobs,2025-12-17,2026-06-25,641,,,
Despegar,despegar,https://jobs.lever.co/despegar,https://api.lever.co/v0/postings/despegar?mode=json,open-apply-jobs,2023-03-27,2026-06-26,10739,,,
Destinationknot,destinationknot,https://jobs.lever.co/destinationknot,https://api.lever.co/v0/postings/destinationknot?mode=json,open-apply-jobs,2026-02-23,2026-06-28,23214,,,
Deuna,deuna,https://jobs.lever.co/deuna,https://api.lever.co/v0/postings/deuna?mode=json,open-apply-jobs,2024-01-31,2026-06-23,1029,,,
Dexterity,dexterity,https://jobs.lever.co/dexterity,https://api.lever.co/v0/postings/dexterity?mode=json,open-apply-jobs,2023-02-23,2026-06-23,1647,,,
Dga,dga,https://jobs.lever.co/dga,https://api.lever.co/v0/postings/dga?mode=json,open-apply-jobs,2021-04-07,2026-05-26,472,,,
Dialogdesign,dialogdesign,https://jobs.lever.co/dialogdesign,https://api.lever.co/v0/postings/dialogdesign?mode=json,open-apply-jobs,2021-12-01,2026-06-22,1673,,,
Diamondfoundry,diamondfoundry,https://jobs.lever.co/diamondfoundry,https://api.lever.co/v0/postings/diamondfoundry?mode=json,open-apply-jobs,2018-12-06,2026-06-26,3143,,,
Didomi,didomi,https://jobs.lever.co/didomi,https://api.lever.co/v0/postings/didomi?mode=json,open-apply-jobs,2025-12-19,2026-06-24,243,,,
Digimarc,digimarc,https://jobs.lever.co/digimarc,https://api.lever.co/v0/postings/digimarc?mode=json,open-apply-jobs,2025-08-15,2026-01-16,320,,,
Digital Matter,digital-matter,https://jobs.lever.co/digital-matter,https://api.lever.co/v0/postings/digital-matter?mode=json,open-apply-jobs,2024-05-03,2026-05-19,392,,,
Digitalfish,digitalfish,https://jobs.lever.co/digitalfish,https://api.lever.co/v0/postings/digitalfish?mode=json,open-apply-jobs,2025-01-15,2025-10-21,161,,,
Digitalmass,digitalmass,https://jobs.lever.co/digitalmass,https://api.lever.co/v0/postings/digitalmass?mode=json,open-apply-jobs,2024-03-13,2026-02-03,126,,,
Digitalmediamanagement,digitalmediamanagement,https://jobs.lever.co/digitalmediamanagement,https://api.lever.co/v0/postings/digitalmediamanagement?mode=json,open-apply-jobs,2025-03-25,2026-06-22,567,,,
Dilitrust,dilitrust,https://jobs.lever.co/dilitrust,https://api.lever.co/v0/postings/dilitrust?mode=json,open-apply-jobs,2025-12-02,2026-06-23,570,,,
Disher,disher,https://jobs.lever.co/disher,https://api.lever.co/v0/postings/disher?mode=json,open-apply-jobs,2025-03-06,2026-06-26,4466,,,
Disqo,disqo,https://jobs.lever.co/disqo,https://api.lever.co/v0/postings/disqo?mode=json,open-apply-jobs,2024-05-28,2026-06-01,567,,,
Distro,distro,https://jobs.lever.co/distro,https://api.lever.co/v0/postings/distro?mode=json,open-apply-jobs,2025-10-17,2026-06-26,11241,,,
Distru,distru,https://jobs.lever.co/distru,https://api.lever.co/v0/postings/distru?mode=json,open-apply-jobs,2025-09-04,2026-06-19,49,,,
Diversified Automation,diversified-automation,https://jobs.lever.co/diversified-automation,https://api.lever.co/v0/postings/diversified-automation?mode=json,open-apply-jobs,2024-11-21,2026-06-22,450,,,
Dlocal,dlocal,https://jobs.lever.co/dlocal,https://api.lever.co/v0/postings/dlocal?mode=json,open-apply-jobs,2022-07-13,2026-06-26,5355,,,
Dnagenotek,dnagenotek,https://jobs.lever.co/dnagenotek,https://api.lever.co/v0/postings/dnagenotek?mode=json,open-apply-jobs,2026-02-11,2026-06-15,322,,,
Dnb,dnb,https://jobs.lever.co/dnb,https://api.lever.co/v0/postings/dnb?mode=json,open-apply-jobs,2022-08-05,2026-06-26,5934,,,
Dng,dng,https://jobs.lever.co/dng,https://api.lever.co/v0/postings/dng?mode=json,open-apply-jobs,2020-01-15,2026-05-08,208,,,
Dnllc,dnllc,https://jobs.lever.co/dnllc,https://api.lever.co/v0/postings/dnllc?mode=json,open-apply-jobs,2024-12-13,2026-06-26,6385,,,
Dnwest,dnwest,https://jobs.lever.co/dnwest,https://api.lever.co/v0/postings/dnwest?mode=json,open-apply-jobs,2019-12-19,2026-05-28,1728,,,
Dockwa,dockwa,https://jobs.lever.co/dockwa,https://api.lever.co/v0/postings/dockwa?mode=json,open-apply-jobs,2022-10-25,2025-12-21,117,,,
Docsumo,docsumo,https://jobs.lever.co/docsumo,https://api.lever.co/v0/postings/docsumo?mode=json,open-apply-jobs,2023-08-23,2026-04-30,395,,,
Doctrine,doctrine,https://jobs.lever.co/doctrine,https://api.lever.co/v0/postings/doctrine?mode=json,open-apply-jobs,2024-02-23,2026-06-25,1438,,,
Dodmg,dodmg,https://jobs.lever.co/dodmg,https://api.lever.co/v0/postings/dodmg?mode=json,open-apply-jobs,2026-03-03,2026-06-11,532,,,
Dollskill,dollskill,https://jobs.lever.co/dollskill,https://api.lever.co/v0/postings/dollskill?mode=json,open-apply-jobs,2015-03-16,2026-06-25,619,,,
Doola,doola,https://jobs.lever.co/doola,https://api.lever.co/v0/postings/doola?mode=json,open-apply-jobs,2022-02-26,2026-06-17,628,,,
Doonails,doonails,https://jobs.lever.co/doonails,https://api.lever.co/v0/postings/doonails?mode=json,open-apply-jobs,2025-05-20,2026-06-23,402,,,
Doranjones,doranjones,https://jobs.lever.co/doranjones,https://api.lever.co/v0/postings/doranjones?mode=json,open-apply-jobs,2025-08-26,2026-04-06,122,,,
Doubledown,doubledown,https://jobs.lever.co/doubledown,https://api.lever.co/v0/postings/doubledown?mode=json,open-apply-jobs,2026-04-06,2026-05-21,64,,,
Doxel,doxel,https://jobs.lever.co/doxel,https://api.lever.co/v0/postings/doxel?mode=json,open-apply-jobs,2025-12-10,2026-06-27,976,,,
Dozee,dozee,https://jobs.lever.co/dozee,https://api.lever.co/v0/postings/dozee?mode=json,open-apply-jobs,2025-07-03,2026-06-27,1810,,,
Dreamgames,dreamgames,https://jobs.lever.co/dreamgames,https://api.lever.co/v0/postings/dreamgames?mode=json,open-apply-jobs,2019-11-19,2025-09-29,1223,,,
Dreamgolf,dreamgolf,https://jobs.lever.co/dreamgolf,https://api.lever.co/v0/postings/dreamgolf?mode=json,open-apply-jobs,2023-10-24,2026-06-23,3630,,,
Dreamsports,dreamsports,https://jobs.lever.co/dreamsports,https://api.lever.co/v0/postings/dreamsports?mode=json,open-apply-jobs,2025-02-06,2026-03-05,1408,,,
Drivemode,drivemode,https://jobs.lever.co/drivemode,https://api.lever.co/v0/postings/drivemode?mode=json,open-apply-jobs,2020-12-24,2026-06-19,1216,,,
Drivetrain,drivetrain,https://jobs.lever.co/drivetrain,https://api.lever.co/v0/postings/drivetrain?mode=json,open-apply-jobs,2022-12-24,2026-06-02,1780,,,
Dronedeploy,dronedeploy,https://jobs.lever.co/dronedeploy,https://api.lever.co/v0/postings/dronedeploy?mode=json,open-apply-jobs,2025-12-16,2026-06-16,710,,,
Dsi,dsi,https://jobs.lever.co/dsi,https://api.lever.co/v0/postings/dsi?mode=json,open-apply-jobs,2026-05-13,2026-06-19,399,,,
Duetti,duetti,https://jobs.lever.co/duetti,https://api.lever.co/v0/postings/duetti?mode=json,open-apply-jobs,2025-11-27,2026-06-10,801,,,
Duffel,duffel,https://jobs.lever.co/duffel,https://api.lever.co/v0/postings/duffel?mode=json,open-apply-jobs,2024-11-12,2026-03-02,576,,,
Dulcedo,dulcedo,https://jobs.lever.co/dulcedo,https://api.lever.co/v0/postings/dulcedo?mode=json,open-apply-jobs,2024-10-29,2026-06-18,1693,,,
Durin,durin,https://jobs.lever.co/durin,https://api.lever.co/v0/postings/durin?mode=json,open-apply-jobs,2025-05-29,2025-06-08,320,,,
Dutch,dutch,https://jobs.lever.co/dutch,https://api.lever.co/v0/postings/dutch?mode=json,open-apply-jobs,2022-02-02,2026-06-18,452,,,
Dwolla,dwolla,https://jobs.lever.co/dwolla,https://api.lever.co/v0/postings/dwolla?mode=json,open-apply-jobs,2026-06-26,2026-06-26,2,,,
Dynamiccatholic,dynamiccatholic,https://jobs.lever.co/dynamiccatholic,https://api.lever.co/v0/postings/dynamiccatholic?mode=json,open-apply-jobs,2018-01-17,2026-06-23,801,,,
E184,e184,https://jobs.lever.co/e184,https://api.lever.co/v0/postings/e184?mode=json,open-apply-jobs,2026-03-06,2026-06-23,270,,,
Earnestpartners,earnestpartners,https://jobs.lever.co/earnestpartners,https://api.lever.co/v0/postings/earnestpartners?mode=json,open-apply-jobs,2020-10-10,2026-06-26,225,,,
Earthspecies,earthspecies,https://jobs.lever.co/earthspecies,https://api.lever.co/v0/postings/earthspecies?mode=json,open-apply-jobs,2026-01-29,2026-03-20,128,,,
Eastern Communications,eastern-communications,https://jobs.lever.co/eastern-communications,https://api.lever.co/v0/postings/eastern-communications?mode=json,open-apply-jobs,2025-07-31,2026-06-17,801,,,
Easypost,easypost-2,https://jobs.lever.co/easypost-2,https://api.lever.co/v0/postings/easypost-2?mode=json,open-apply-jobs,2025-11-04,2026-06-16,350,,,
Easystreetcap,easystreetcap,https://jobs.lever.co/easystreetcap,https://api.lever.co/v0/postings/easystreetcap?mode=json,open-apply-jobs,2023-06-06,2026-05-01,347,,,
Ecldc,ecldc,https://jobs.lever.co/ecldc,https://api.lever.co/v0/postings/ecldc?mode=json,open-apply-jobs,2025-01-02,2026-02-17,384,,,
Economicmodeling,economicmodeling,https://jobs.lever.co/economicmodeling,https://api.lever.co/v0/postings/economicmodeling?mode=json,open-apply-jobs,2025-12-04,2026-06-26,1400,,,
Econstruct,econstruct,https://jobs.lever.co/econstruct,https://api.lever.co/v0/postings/econstruct?mode=json,open-apply-jobs,2025-03-23,2026-04-19,1916,,,
Edera,edera,https://jobs.lever.co/edera,https://api.lever.co/v0/postings/edera?mode=json,open-apply-jobs,2026-05-21,2026-05-21,22,,,
Edgeofs,edgeofs,https://jobs.lever.co/edgeofs,https://api.lever.co/v0/postings/edgeofs?mode=json,open-apply-jobs,2021-06-15,2026-06-22,1497,,,
Editorialist,editorialist,https://jobs.lever.co/editorialist,https://api.lever.co/v0/postings/editorialist?mode=json,open-apply-jobs,2024-07-09,2026-06-17,398,,,
Edpuzzle,edpuzzle,https://jobs.lever.co/edpuzzle,https://api.lever.co/v0/postings/edpuzzle?mode=json,open-apply-jobs,2025-09-01,2026-06-22,78,,,
Educationatwork,educationatwork,https://jobs.lever.co/educationatwork,https://api.lever.co/v0/postings/educationatwork?mode=json,open-apply-jobs,2024-07-23,2026-01-20,756,,,
Educative,educative,https://jobs.lever.co/educative,https://api.lever.co/v0/postings/educative?mode=json,open-apply-jobs,2021-06-21,2026-06-11,518,,,
Egen,egen,https://jobs.lever.co/egen,https://api.lever.co/v0/postings/egen?mode=json,open-apply-jobs,2025-09-30,2026-06-24,1120,,,
Egenesisbio,egenesisbio,https://jobs.lever.co/egenesisbio,https://api.lever.co/v0/postings/egenesisbio?mode=json,open-apply-jobs,2025-09-25,2026-06-25,720,,,
Ekimetrics,ekimetrics,https://jobs.lever.co/ekimetrics,https://api.lever.co/v0/postings/ekimetrics?mode=json,open-apply-jobs,2018-10-29,2026-06-26,1720,,,
Ekohealth,ekohealth,https://jobs.lever.co/ekohealth,https://api.lever.co/v0/postings/ekohealth?mode=json,open-apply-jobs,2025-06-26,2026-06-25,561,,,
Electric Twin,electric-twin,https://jobs.lever.co/electric-twin,https://api.lever.co/v0/postings/electric-twin?mode=json,open-apply-jobs,2026-03-10,2026-03-19,144,,,
Electricmind,electricmind,https://jobs.lever.co/electricmind,https://api.lever.co/v0/postings/electricmind?mode=json,open-apply-jobs,2026-01-22,2026-06-22,317,,,
Eleks,eleks,https://jobs.lever.co/eleks,https://api.lever.co/v0/postings/eleks?mode=json,open-apply-jobs,2025-03-20,2026-06-25,1780,,,
Elementsolutions,elementsolutions,https://jobs.lever.co/elementsolutions,https://api.lever.co/v0/postings/elementsolutions?mode=json,open-apply-jobs,2024-07-19,2026-06-23,635,,,
Eleostech,eleostech,https://jobs.lever.co/eleostech,https://api.lever.co/v0/postings/eleostech?mode=json,open-apply-jobs,2019-08-23,2019-08-23,27,,,
Elfbeauty,elfbeauty,https://jobs.lever.co/elfbeauty,https://api.lever.co/v0/postings/elfbeauty?mode=json,open-apply-jobs,2024-09-06,2026-06-26,5871,,,
Eliyan,eliyan,https://jobs.lever.co/eliyan,https://api.lever.co/v0/postings/eliyan?mode=json,open-apply-jobs,2023-05-05,2026-06-24,1158,,,
Ellevationeducation,ellevationeducation,https://jobs.lever.co/ellevationeducation,https://api.lever.co/v0/postings/ellevationeducation?mode=json,open-apply-jobs,2026-01-27,2026-06-24,163,,,
Elroyair,elroyair,https://jobs.lever.co/elroyair,https://api.lever.co/v0/postings/elroyair?mode=json,open-apply-jobs,2019-11-14,2026-06-25,166,,,
Elty,elty,https://jobs.lever.co/elty,https://api.lever.co/v0/postings/elty?mode=json,open-apply-jobs,2022-08-30,2026-04-30,195,,,
Emburse,emburse,https://jobs.lever.co/emburse,https://api.lever.co/v0/postings/emburse?mode=json,open-apply-jobs,2024-08-29,2026-06-26,3037,,,
Emilabs,emilabs,https://jobs.lever.co/emilabs,https://api.lever.co/v0/postings/emilabs?mode=json,open-apply-jobs,2020-07-28,2026-04-27,621,,,
Emilyslist,emilyslist,https://jobs.lever.co/emilyslist,https://api.lever.co/v0/postings/emilyslist?mode=json,open-apply-jobs,2021-01-22,2026-06-11,381,,,
Emma Sleep,emma-sleep,https://jobs.lever.co/emma-sleep,https://api.lever.co/v0/postings/emma-sleep?mode=json,open-apply-jobs,2023-03-14,2026-06-26,5142,,,
Empassion.Com,empassion.com,https://jobs.lever.co/empassion.com,https://api.lever.co/v0/postings/empassion.com?mode=json,open-apply-jobs,2023-05-10,2026-01-20,202,,,
Empiricotx,empiricotx,https://jobs.lever.co/empiricotx,https://api.lever.co/v0/postings/empiricotx?mode=json,open-apply-jobs,2025-12-12,2025-12-12,25,,,
Employ,employ,https://jobs.lever.co/employ,https://api.lever.co/v0/postings/employ?mode=json,open-apply-jobs,2026-03-10,2026-06-15,230,,,
Empowerly,empowerly,https://jobs.lever.co/empowerly,https://api.lever.co/v0/postings/empowerly?mode=json,open-apply-jobs,2023-10-30,2026-06-18,352,,,
Enable,enable,https://jobs.lever.co/enable,https://api.lever.co/v0/postings/enable?mode=json,open-apply-jobs,2026-01-14,2026-06-24,404,,,
Enablecomp,enablecomp,https://jobs.lever.co/enablecomp,https://api.lever.co/v0/postings/enablecomp?mode=json,open-apply-jobs,2025-05-21,2026-06-19,663,,,
Encore Renewable Energy,encore-renewable-energy,https://jobs.lever.co/encore-renewable-energy,https://api.lever.co/v0/postings/encore-renewable-energy?mode=json,open-apply-jobs,2025-08-04,2026-04-16,125,,,
Endpointclinical,endpointclinical,https://jobs.lever.co/endpointclinical,https://api.lever.co/v0/postings/endpointclinical?mode=json,open-apply-jobs,2023-09-18,2026-06-24,1139,,,
Energeticcapital,energeticcapital,https://jobs.lever.co/energeticcapital,https://api.lever.co/v0/postings/energeticcapital?mode=json,open-apply-jobs,2026-01-28,2026-02-11,73,,,
Energy By,energy-by-5,https://jobs.lever.co/energy-by-5,https://api.lever.co/v0/postings/energy-by-5?mode=json,open-apply-jobs,2024-02-14,2026-06-08,744,,,
Energyrecovery,energyrecovery,https://jobs.lever.co/energyrecovery,https://api.lever.co/v0/postings/energyrecovery?mode=json,open-apply-jobs,2024-11-04,2026-06-25,438,,,
Engine,engine,https://jobs.lever.co/engine,https://api.lever.co/v0/postings/engine?mode=json,open-apply-jobs,2026-04-03,2026-05-18,143,,,
Engine Ventures,engine-ventures,https://jobs.lever.co/engine-ventures,https://api.lever.co/v0/postings/engine-ventures?mode=json,open-apply-jobs,2026-05-13,2026-05-13,25,,,
Enhanced Us,enhanced-us,https://jobs.lever.co/enhanced-us,https://api.lever.co/v0/postings/enhanced-us?mode=json,open-apply-jobs,2026-02-16,2026-02-16,64,,,
Entefy,entefy,https://jobs.lever.co/entefy,https://api.lever.co/v0/postings/entefy?mode=json,open-apply-jobs,2017-12-21,2019-07-09,896,,,
Enter Rcm Llc,enter-rcm-llc,https://jobs.lever.co/enter-rcm-llc,https://api.lever.co/v0/postings/enter-rcm-llc?mode=json,open-apply-jobs,2024-07-16,2025-07-11,320,,,
Entrata,entrata,https://jobs.lever.co/entrata,https://api.lever.co/v0/postings/entrata?mode=json,open-apply-jobs,2021-12-07,2026-06-15,1659,,,
Envato,envato-2,https://jobs.lever.co/envato-2,https://api.lever.co/v0/postings/envato-2?mode=json,open-apply-jobs,2026-03-16,2026-04-02,288,,,
Epifi,epifi,https://jobs.lever.co/epifi,https://api.lever.co/v0/postings/epifi?mode=json,open-apply-jobs,2026-05-19,2026-06-10,117,,,
Epsilon3,epsilon3,https://jobs.lever.co/epsilon3,https://api.lever.co/v0/postings/epsilon3?mode=json,open-apply-jobs,2021-11-20,2026-05-14,239,,,
Eqbank,eqbank,https://jobs.lever.co/eqbank,https://api.lever.co/v0/postings/eqbank?mode=json,open-apply-jobs,2024-05-03,2026-06-26,4261,,,
Equativ,equativ,https://jobs.lever.co/equativ,https://api.lever.co/v0/postings/equativ?mode=json,open-apply-jobs,2025-09-09,2026-06-23,1486,,,
Er Meds,er-meds,https://jobs.lever.co/er-meds,https://api.lever.co/v0/postings/er-meds?mode=json,open-apply-jobs,2024-02-08,2025-07-30,1546,,,
Erg,erg,https://jobs.lever.co/erg,https://api.lever.co/v0/postings/erg?mode=json,open-apply-jobs,2023-09-08,2026-06-26,2935,,,
Erpsuccesspartners,erpsuccesspartners,https://jobs.lever.co/erpsuccesspartners,https://api.lever.co/v0/postings/erpsuccesspartners?mode=json,open-apply-jobs,2025-03-25,2026-06-19,66,,,
Esalen,esalen,https://jobs.lever.co/esalen,https://api.lever.co/v0/postings/esalen?mode=json,open-apply-jobs,2019-01-07,2026-04-16,661,,,
Espace,espace,https://jobs.lever.co/espace,https://api.lever.co/v0/postings/espace?mode=json,open-apply-jobs,2022-09-28,2026-06-27,6487,,,
Esper,esper,https://jobs.lever.co/esper,https://api.lever.co/v0/postings/esper?mode=json,open-apply-jobs,2025-03-07,2026-05-14,253,,,
Esrtreit,esrtreit,https://jobs.lever.co/esrtreit,https://api.lever.co/v0/postings/esrtreit?mode=json,open-apply-jobs,2024-09-05,2026-06-18,1400,,,
Eternal,eternal,https://jobs.lever.co/eternal,https://api.lever.co/v0/postings/eternal?mode=json,open-apply-jobs,2025-02-06,2025-07-30,256,,,
Ethena,ethena,https://jobs.lever.co/ethena,https://api.lever.co/v0/postings/ethena?mode=json,open-apply-jobs,2022-01-19,2026-06-04,319,,,
Ethenalabs,ethenalabs,https://jobs.lever.co/ethenalabs,https://api.lever.co/v0/postings/ethenalabs?mode=json,open-apply-jobs,2023-07-07,2026-05-20,341,,,
Ethree,ethree,https://jobs.lever.co/ethree,https://api.lever.co/v0/postings/ethree?mode=json,open-apply-jobs,2025-10-17,2026-02-17,191,,,
Everbridge,everbridge,https://jobs.lever.co/everbridge,https://api.lever.co/v0/postings/everbridge?mode=json,open-apply-jobs,2026-01-16,2026-06-22,595,,,
Everlywell,everlywell,https://jobs.lever.co/everlywell,https://api.lever.co/v0/postings/everlywell?mode=json,open-apply-jobs,2024-02-05,2026-06-22,1434,,,
Evidentid,evidentid,https://jobs.lever.co/evidentid,https://api.lever.co/v0/postings/evidentid?mode=json,open-apply-jobs,2025-08-05,2026-06-18,392,,,
Evrealty Us,evrealty-us,https://jobs.lever.co/evrealty-us,https://api.lever.co/v0/postings/evrealty-us?mode=json,open-apply-jobs,2026-04-10,2026-05-22,169,,,
Evry Health,evry-health,https://jobs.lever.co/evry-health,https://api.lever.co/v0/postings/evry-health?mode=json,open-apply-jobs,2026-03-04,2026-06-24,210,,,
Exowatt,exowatt,https://jobs.lever.co/exowatt,https://api.lever.co/v0/postings/exowatt?mode=json,open-apply-jobs,2024-09-09,2026-06-18,680,,,
Explodingkittens,explodingkittens,https://jobs.lever.co/explodingkittens,https://api.lever.co/v0/postings/explodingkittens?mode=json,open-apply-jobs,2026-02-12,2026-05-28,271,,,
Extremenetworks,extremenetworks,https://jobs.lever.co/extremenetworks,https://api.lever.co/v0/postings/extremenetworks?mode=json,open-apply-jobs,2024-08-28,2026-06-25,3589,,,
Extropic,extropic,https://jobs.lever.co/extropic,https://api.lever.co/v0/postings/extropic?mode=json,open-apply-jobs,2024-02-16,2025-12-04,364,,,
Exygy,exygy,https://jobs.lever.co/exygy,https://api.lever.co/v0/postings/exygy?mode=json,open-apply-jobs,2017-03-03,2025-03-04,38,,,
Fabertechnologies,fabertechnologies,https://jobs.lever.co/fabertechnologies,https://api.lever.co/v0/postings/fabertechnologies?mode=json,open-apply-jobs,2026-01-12,2026-06-17,151,,,
Factor,factor,https://jobs.lever.co/factor,https://api.lever.co/v0/postings/factor?mode=json,open-apply-jobs,2021-03-30,2026-06-26,604,,,
Fairtraderealestate,fairtraderealestate,https://jobs.lever.co/fairtraderealestate,https://api.lever.co/v0/postings/fairtraderealestate?mode=json,open-apply-jobs,2025-08-28,2026-03-05,320,,,
Fama,fama,https://jobs.lever.co/fama,https://api.lever.co/v0/postings/fama?mode=json,open-apply-jobs,2025-12-18,2025-12-18,26,,,
Fampay,fampay,https://jobs.lever.co/fampay,https://api.lever.co/v0/postings/fampay?mode=json,open-apply-jobs,2025-01-27,2026-06-10,1149,,,
Fanatee,fanatee,https://jobs.lever.co/fanatee,https://api.lever.co/v0/postings/fanatee?mode=json,open-apply-jobs,2021-02-18,2026-06-11,711,,,
Farfetch,farfetch,https://jobs.lever.co/farfetch,https://api.lever.co/v0/postings/farfetch?mode=json,open-apply-jobs,2023-04-13,2026-06-26,3755,,,
Fehrandpeers,fehrandpeers,https://jobs.lever.co/fehrandpeers,https://api.lever.co/v0/postings/fehrandpeers?mode=json,open-apply-jobs,2025-04-24,2026-06-23,958,,,
Feldinc,feldinc,https://jobs.lever.co/feldinc,https://api.lever.co/v0/postings/feldinc?mode=json,open-apply-jobs,2019-07-09,2026-06-24,4910,,,
Fevo,fevo,https://jobs.lever.co/fevo,https://api.lever.co/v0/postings/fevo?mode=json,open-apply-jobs,2026-03-25,2026-04-15,147,,,
Fi,fi,https://jobs.lever.co/fi,https://api.lever.co/v0/postings/fi?mode=json,open-apply-jobs,2025-12-10,2026-06-24,532,,,
Field Ai,field-ai,https://jobs.lever.co/field-ai,https://api.lever.co/v0/postings/field-ai?mode=json,open-apply-jobs,2025-01-22,2026-06-27,5204,,,
Fieldnation,fieldnation,https://jobs.lever.co/fieldnation,https://api.lever.co/v0/postings/fieldnation?mode=json,open-apply-jobs,2021-03-25,2026-06-24,1440,,,
Figfinancial,figfinancial,https://jobs.lever.co/figfinancial,https://api.lever.co/v0/postings/figfinancial?mode=json,open-apply-jobs,2023-04-19,2026-06-17,273,,,
Filevine,filevine,https://jobs.lever.co/filevine,https://api.lever.co/v0/postings/filevine?mode=json,open-apply-jobs,2021-11-23,2026-06-24,8459,,,
Finch,finch,https://jobs.lever.co/finch,https://api.lever.co/v0/postings/finch?mode=json,open-apply-jobs,2021-11-19,2026-06-17,532,,,
Findem,findem,https://jobs.lever.co/findem,https://api.lever.co/v0/postings/findem?mode=json,open-apply-jobs,2025-05-15,2026-04-28,442,,,
Findhelp,findhelp,https://jobs.lever.co/findhelp,https://api.lever.co/v0/postings/findhelp?mode=json,open-apply-jobs,2023-12-07,2026-04-30,450,,,
Findigs,findigs,https://jobs.lever.co/findigs,https://api.lever.co/v0/postings/findigs?mode=json,open-apply-jobs,2024-11-07,2026-06-18,861,,,
Finix,finix,https://jobs.lever.co/finix,https://api.lever.co/v0/postings/finix?mode=json,open-apply-jobs,2021-08-03,2026-06-23,664,,,
Finn,finn,https://jobs.lever.co/finn,https://api.lever.co/v0/postings/finn?mode=json,open-apply-jobs,2021-03-04,2026-06-25,2586,,,
Finquery,finquery,https://jobs.lever.co/finquery,https://api.lever.co/v0/postings/finquery?mode=json,open-apply-jobs,2025-09-08,2026-06-25,678,,,
Fintual,fintual,https://jobs.lever.co/fintual,https://api.lever.co/v0/postings/fintual?mode=json,open-apply-jobs,2025-09-29,2026-06-15,142,,,
Fireflyon,fireflyon,https://jobs.lever.co/fireflyon,https://api.lever.co/v0/postings/fireflyon?mode=json,open-apply-jobs,2026-02-28,2026-06-10,241,,,
Firemon,firemon,https://jobs.lever.co/firemon,https://api.lever.co/v0/postings/firemon?mode=json,open-apply-jobs,2026-01-09,2026-06-23,444,,,
Fireworkhq,fireworkhq,https://jobs.lever.co/fireworkhq,https://api.lever.co/v0/postings/fireworkhq?mode=json,open-apply-jobs,2024-04-30,2026-06-16,1102,,,
Firstent,firstent,https://jobs.lever.co/firstent,https://api.lever.co/v0/postings/firstent?mode=json,open-apply-jobs,2025-10-27,2026-06-24,268,,,
Firstup,firstup,https://jobs.lever.co/firstup,https://api.lever.co/v0/postings/firstup?mode=json,open-apply-jobs,2026-03-12,2026-06-26,498,,,
Fiscalnote,fiscalnote,https://jobs.lever.co/fiscalnote,https://api.lever.co/v0/postings/fiscalnote?mode=json,open-apply-jobs,2026-01-08,2026-06-24,960,,,
Fitifyworkouts,fitifyworkouts,https://jobs.lever.co/fitifyworkouts,https://api.lever.co/v0/postings/fitifyworkouts?mode=json,open-apply-jobs,2022-08-05,2024-03-11,512,,,
Fitzmark,fitzmark,https://jobs.lever.co/fitzmark,https://api.lever.co/v0/postings/fitzmark?mode=json,open-apply-jobs,2025-01-30,2026-05-28,1422,,,
Fixinssoulkitchen,fixinssoulkitchen,https://jobs.lever.co/fixinssoulkitchen,https://api.lever.co/v0/postings/fixinssoulkitchen?mode=json,open-apply-jobs,2024-08-07,2026-04-22,2176,,,
Flashapp,flashapp,https://jobs.lever.co/flashapp,https://api.lever.co/v0/postings/flashapp?mode=json,open-apply-jobs,2025-09-08,2026-06-26,1882,,,
Fleetzero,fleetzero,https://jobs.lever.co/fleetzero,https://api.lever.co/v0/postings/fleetzero?mode=json,open-apply-jobs,2025-08-14,2026-05-08,521,,,
Flipster,flipster,https://jobs.lever.co/flipster,https://api.lever.co/v0/postings/flipster?mode=json,open-apply-jobs,2025-08-12,2026-05-25,180,,,
Floqast,floqast,https://jobs.lever.co/floqast,https://api.lever.co/v0/postings/floqast?mode=json,open-apply-jobs,2022-11-22,2026-06-23,4008,,,
Florence,florence,https://jobs.lever.co/florence,https://api.lever.co/v0/postings/florence?mode=json,open-apply-jobs,2025-01-29,2026-04-04,704,,,
Floridadems,floridadems,https://jobs.lever.co/floridadems,https://api.lever.co/v0/postings/floridadems?mode=json,open-apply-jobs,2023-03-31,2024-07-23,960,,,
Flowlife,flowlife,https://jobs.lever.co/flowlife,https://api.lever.co/v0/postings/flowlife?mode=json,open-apply-jobs,2025-02-26,2026-06-25,2587,,,
Flux Mobility,flux-mobility,https://jobs.lever.co/flux-mobility,https://api.lever.co/v0/postings/flux-mobility?mode=json,open-apply-jobs,2026-03-18,2026-04-08,256,,,
Fluxergy,fluxergy-2,https://jobs.lever.co/fluxergy-2,https://api.lever.co/v0/postings/fluxergy-2?mode=json,open-apply-jobs,2025-06-05,2026-06-05,342,,,
Flynncompanies,flynncompanies,https://jobs.lever.co/flynncompanies,https://api.lever.co/v0/postings/flynncompanies?mode=json,open-apply-jobs,2023-09-14,2026-06-27,9860,,,
Foodsmart,foodsmart,https://jobs.lever.co/foodsmart,https://api.lever.co/v0/postings/foodsmart?mode=json,open-apply-jobs,2026-01-14,2026-06-02,766,,,
Foodstuffs,foodstuffs,https://jobs.lever.co/foodstuffs,https://api.lever.co/v0/postings/foodstuffs?mode=json,open-apply-jobs,2018-03-06,2026-06-26,1870,,,
Forbrightbank,forbrightbank,https://jobs.lever.co/forbrightbank,https://api.lever.co/v0/postings/forbrightbank?mode=json,open-apply-jobs,2025-10-17,2026-06-16,780,,,
Foresea Technologies,foresea-technologies,https://jobs.lever.co/foresea-technologies,https://api.lever.co/v0/postings/foresea-technologies?mode=json,open-apply-jobs,2021-05-18,2026-06-18,1139,,,
Form,form,https://jobs.lever.co/form,https://api.lever.co/v0/postings/form?mode=json,open-apply-jobs,2026-04-22,2026-05-13,82,,,
Forourfuturefund,forourfuturefund,https://jobs.lever.co/forourfuturefund,https://api.lever.co/v0/postings/forourfuturefund?mode=json,open-apply-jobs,2025-05-02,2026-06-12,177,,,
Foth,foth,https://jobs.lever.co/foth,https://api.lever.co/v0/postings/foth?mode=json,open-apply-jobs,2019-07-29,2026-06-25,2958,,,
Foundation Llm Technologies,foundation-llm-technologies,https://jobs.lever.co/foundation-llm-technologies,https://api.lever.co/v0/postings/foundation-llm-technologies?mode=json,open-apply-jobs,2025-07-01,2026-06-08,379,,,
Founderscard,founderscard,https://jobs.lever.co/founderscard,https://api.lever.co/v0/postings/founderscard?mode=json,open-apply-jobs,2025-06-16,2026-05-07,295,,,
Foxitsoftware,foxitsoftware,https://jobs.lever.co/foxitsoftware,https://api.lever.co/v0/postings/foxitsoftware?mode=json,open-apply-jobs,2024-04-17,2026-06-24,849,,,
Freebalance.Com,freebalance.com,https://jobs.lever.co/freebalance.com,https://api.lever.co/v0/postings/freebalance.com?mode=json,open-apply-jobs,2016-02-19,2026-06-26,1906,,,
Freedompay,freedompay,https://jobs.lever.co/freedompay,https://api.lever.co/v0/postings/freedompay?mode=json,open-apply-jobs,2019-09-06,2026-06-25,1143,,,
Freedomprep,freedomprep,https://jobs.lever.co/freedomprep,https://api.lever.co/v0/postings/freedomprep?mode=json,open-apply-jobs,2024-09-06,2026-06-26,1039,,,
Freedomsolarpower,freedomsolarpower,https://jobs.lever.co/freedomsolarpower,https://api.lever.co/v0/postings/freedomsolarpower?mode=json,open-apply-jobs,2024-04-17,2026-06-25,1219,,,
Freiheit,freiheit-2,https://jobs.lever.co/freiheit-2,https://api.lever.co/v0/postings/freiheit-2?mode=json,open-apply-jobs,2020-06-15,2026-04-29,597,,,
Fresha,fresha,https://jobs.lever.co/fresha,https://api.lever.co/v0/postings/fresha?mode=json,open-apply-jobs,2022-04-14,2026-06-25,9156,,,
Freshhealth,freshhealth,https://jobs.lever.co/freshhealth,https://api.lever.co/v0/postings/freshhealth?mode=json,open-apply-jobs,2021-08-06,2024-12-10,94,,,
Frontify,frontify,https://jobs.lever.co/frontify,https://api.lever.co/v0/postings/frontify?mode=json,open-apply-jobs,2025-08-08,2026-06-25,1028,,,
Fuellabs,fuellabs,https://jobs.lever.co/fuellabs,https://api.lever.co/v0/postings/fuellabs?mode=json,open-apply-jobs,2024-10-09,2026-01-06,93,,,
Fulcrumpro,fulcrumpro,https://jobs.lever.co/fulcrumpro,https://api.lever.co/v0/postings/fulcrumpro?mode=json,open-apply-jobs,2020-08-04,2026-06-10,166,,,
Fullscript,fullscript,https://jobs.lever.co/fullscript,https://api.lever.co/v0/postings/fullscript?mode=json,open-apply-jobs,2025-11-05,2026-06-19,1587,,,
Fullyvested,fullyvested,https://jobs.lever.co/fullyvested,https://api.lever.co/v0/postings/fullyvested?mode=json,open-apply-jobs,2025-11-13,2026-06-15,326,,,
Fundrise,fundrise,https://jobs.lever.co/fundrise,https://api.lever.co/v0/postings/fundrise?mode=json,open-apply-jobs,2026-04-20,2026-04-20,60,,,
Funxyz,funxyz,https://jobs.lever.co/funxyz,https://api.lever.co/v0/postings/funxyz?mode=json,open-apply-jobs,2025-01-14,2026-06-24,521,,,
Futureof Life,futureof-life,https://jobs.lever.co/futureof-life,https://api.lever.co/v0/postings/futureof-life?mode=json,open-apply-jobs,2022-04-26,2026-05-27,544,,,
Fwgsolutions,fwgsolutions,https://jobs.lever.co/fwgsolutions,https://api.lever.co/v0/postings/fwgsolutions?mode=json,open-apply-jobs,2026-01-14,2026-06-09,495,,,
Gagezero,gagezero,https://jobs.lever.co/gagezero,https://api.lever.co/v0/postings/gagezero?mode=json,open-apply-jobs,2023-05-13,2023-05-13,64,,,
Galatea Associates,galatea-associates,https://jobs.lever.co/galatea-associates,https://api.lever.co/v0/postings/galatea-associates?mode=json,open-apply-jobs,2021-02-25,2022-01-26,128,,,
Galepartners,galepartners,https://jobs.lever.co/galepartners,https://api.lever.co/v0/postings/galepartners?mode=json,open-apply-jobs,2024-01-06,2026-06-24,731,,,
Galvanick,galvanick,https://jobs.lever.co/galvanick,https://api.lever.co/v0/postings/galvanick?mode=json,open-apply-jobs,2022-11-29,2026-04-09,444,,,
Gate,gate,https://jobs.lever.co/gate,https://api.lever.co/v0/postings/gate?mode=json,open-apply-jobs,2022-10-12,2026-06-21,1402,,,
Gatorbio,gatorbio,https://jobs.lever.co/gatorbio,https://api.lever.co/v0/postings/gatorbio?mode=json,open-apply-jobs,2026-01-08,2026-05-08,133,,,
Gauntlet,gauntlet,https://jobs.lever.co/gauntlet,https://api.lever.co/v0/postings/gauntlet?mode=json,open-apply-jobs,2025-09-15,2026-06-25,274,,,
Gausslabs,gausslabs,https://jobs.lever.co/gausslabs,https://api.lever.co/v0/postings/gausslabs?mode=json,open-apply-jobs,2021-09-28,2026-06-22,397,,,
Gearset,gearset,https://jobs.lever.co/gearset,https://api.lever.co/v0/postings/gearset?mode=json,open-apply-jobs,2025-05-02,2026-06-12,1452,,,
Genbio,genbio,https://jobs.lever.co/genbio,https://api.lever.co/v0/postings/genbio?mode=json,open-apply-jobs,2024-07-25,2026-06-23,781,,,
Genefab,genefab,https://jobs.lever.co/genefab,https://api.lever.co/v0/postings/genefab?mode=json,open-apply-jobs,2025-05-13,2026-06-24,500,,,
Genesis,genesis,https://jobs.lever.co/genesis,https://api.lever.co/v0/postings/genesis?mode=json,open-apply-jobs,2025-09-12,2026-06-04,158,,,
Geocomply,geocomply-2,https://jobs.lever.co/geocomply-2,https://api.lever.co/v0/postings/geocomply-2?mode=json,open-apply-jobs,2022-08-22,2026-05-27,376,,,
Gess,gess,https://jobs.lever.co/gess,https://api.lever.co/v0/postings/gess?mode=json,open-apply-jobs,2020-10-28,2026-06-04,1335,,,
Getcircuit,getcircuit,https://jobs.lever.co/getcircuit,https://api.lever.co/v0/postings/getcircuit?mode=json,open-apply-jobs,2026-02-18,2026-06-16,190,,,
Getcollaborative,getcollaborative,https://jobs.lever.co/getcollaborative,https://api.lever.co/v0/postings/getcollaborative?mode=json,open-apply-jobs,2021-08-18,2026-06-18,297,,,
Getdeardoc,getdeardoc,https://jobs.lever.co/getdeardoc,https://api.lever.co/v0/postings/getdeardoc?mode=json,open-apply-jobs,2023-02-13,2024-10-03,83,,,
Getdimension,getdimension,https://jobs.lever.co/getdimension,https://api.lever.co/v0/postings/getdimension?mode=json,open-apply-jobs,2025-09-19,2025-09-19,64,,,
Getduranta,getduranta,https://jobs.lever.co/getduranta,https://api.lever.co/v0/postings/getduranta?mode=json,open-apply-jobs,2025-06-05,2026-06-20,128,,,
Getlabs,getlabs,https://jobs.lever.co/getlabs,https://api.lever.co/v0/postings/getlabs?mode=json,open-apply-jobs,2021-12-29,2026-06-22,9227,,,
Getmaple,getmaple,https://jobs.lever.co/getmaple,https://api.lever.co/v0/postings/getmaple?mode=json,open-apply-jobs,2025-11-06,2026-06-24,525,,,
Getpoint,getpoint,https://jobs.lever.co/getpoint,https://api.lever.co/v0/postings/getpoint?mode=json,open-apply-jobs,2019-05-30,2020-02-13,81,,,
Getsquire,getsquire,https://jobs.lever.co/getsquire,https://api.lever.co/v0/postings/getsquire?mode=json,open-apply-jobs,2025-06-04,2026-05-20,386,,,
Gettyimages,gettyimages,https://jobs.lever.co/gettyimages,https://api.lever.co/v0/postings/gettyimages?mode=json,open-apply-jobs,2024-10-31,2026-06-08,798,,,
Getwingapp,getwingapp,https://jobs.lever.co/getwingapp,https://api.lever.co/v0/postings/getwingapp?mode=json,open-apply-jobs,2024-03-14,2026-06-24,25842,,,
Getzuma,getzuma,https://jobs.lever.co/getzuma,https://api.lever.co/v0/postings/getzuma?mode=json,open-apply-jobs,2025-03-13,2026-03-17,384,,,
Ghcorps,ghcorps,https://jobs.lever.co/ghcorps,https://api.lever.co/v0/postings/ghcorps?mode=json,open-apply-jobs,2026-05-21,2026-06-08,42,,,
Ghj,ghj,https://jobs.lever.co/ghj,https://api.lever.co/v0/postings/ghj?mode=json,open-apply-jobs,2020-08-18,2026-06-25,5348,,,
Ghsmartjobs,ghsmartjobs,https://jobs.lever.co/ghsmartjobs,https://api.lever.co/v0/postings/ghsmartjobs?mode=json,open-apply-jobs,2023-09-22,2026-05-12,501,,,
Giddyup,giddyup,https://jobs.lever.co/giddyup,https://api.lever.co/v0/postings/giddyup?mode=json,open-apply-jobs,2026-03-10,2026-05-11,57,,,
Girlswhocode,girlswhocode,https://jobs.lever.co/girlswhocode,https://api.lever.co/v0/postings/girlswhocode?mode=json,open-apply-jobs,2026-03-17,2026-06-10,135,,,
Givinghhc,givinghhc,https://jobs.lever.co/givinghhc,https://api.lever.co/v0/postings/givinghhc?mode=json,open-apply-jobs,2025-02-27,2026-06-26,7748,,,
Glass Health Inc,glass-health-inc,https://jobs.lever.co/glass-health-inc,https://api.lever.co/v0/postings/glass-health-inc?mode=json,open-apply-jobs,2024-02-23,2024-02-23,256,,,
Glide,glide,https://jobs.lever.co/glide,https://api.lever.co/v0/postings/glide?mode=json,open-apply-jobs,2024-12-06,2026-06-24,1259,,,
Globalelitecareers,globalelitecareers,https://jobs.lever.co/globalelitecareers,https://api.lever.co/v0/postings/globalelitecareers?mode=json,open-apply-jobs,2026-01-23,2026-06-26,32000,,,
Globalstrategygroup,globalstrategygroup,https://jobs.lever.co/globalstrategygroup,https://api.lever.co/v0/postings/globalstrategygroup?mode=json,open-apply-jobs,2025-09-05,2026-05-28,159,,,
Glow.Co,glow.co,https://jobs.lever.co/glow.co,https://api.lever.co/v0/postings/glow.co?mode=json,open-apply-jobs,2026-04-09,2026-06-15,24,,,
Glowforge,glowforge,https://jobs.lever.co/glowforge,https://api.lever.co/v0/postings/glowforge?mode=json,open-apply-jobs,2025-03-11,2025-03-11,20,,,
Glsllc,glsllc,https://jobs.lever.co/glsllc,https://api.lever.co/v0/postings/glsllc?mode=json,open-apply-jobs,2025-06-18,2026-06-26,2391,,,
Gluegroups,gluegroups,https://jobs.lever.co/gluegroups,https://api.lever.co/v0/postings/gluegroups?mode=json,open-apply-jobs,2024-05-31,2025-04-22,256,,,
Gmo,gmo,https://jobs.lever.co/gmo,https://api.lever.co/v0/postings/gmo?mode=json,open-apply-jobs,2025-05-05,2026-06-05,514,,,
Go Cloudforce,go-cloudforce,https://jobs.lever.co/go-cloudforce,https://api.lever.co/v0/postings/go-cloudforce?mode=json,open-apply-jobs,2025-02-28,2026-06-18,799,,,
Goalbookapp,goalbookapp-2,https://jobs.lever.co/goalbookapp-2,https://api.lever.co/v0/postings/goalbookapp-2?mode=json,open-apply-jobs,2018-12-12,2026-05-19,340,,,
Gobrightside,gobrightside,https://jobs.lever.co/gobrightside,https://api.lever.co/v0/postings/gobrightside?mode=json,open-apply-jobs,2023-03-02,2023-03-02,64,,,
Gocatalant,gocatalant,https://jobs.lever.co/gocatalant,https://api.lever.co/v0/postings/gocatalant?mode=json,open-apply-jobs,2020-12-11,2026-06-12,467,,,
Gohighlevel,gohighlevel,https://jobs.lever.co/gohighlevel,https://api.lever.co/v0/postings/gohighlevel?mode=json,open-apply-jobs,2024-05-07,2026-06-26,6830,,,
Gojob,gojob,https://jobs.lever.co/gojob,https://api.lever.co/v0/postings/gojob?mode=json,open-apply-jobs,2022-02-15,2026-06-26,4820,,,
Gomaterials,gomaterials,https://jobs.lever.co/gomaterials,https://api.lever.co/v0/postings/gomaterials?mode=json,open-apply-jobs,2025-06-26,2026-05-27,735,,,
Gonetspeed,gonetspeed,https://jobs.lever.co/gonetspeed,https://api.lever.co/v0/postings/gonetspeed?mode=json,open-apply-jobs,2026-01-05,2026-06-26,2576,,,
Goodamerican,goodamerican,https://jobs.lever.co/goodamerican,https://api.lever.co/v0/postings/goodamerican?mode=json,open-apply-jobs,2023-12-21,2026-06-22,1013,,,
Goodeggs,goodeggs,https://jobs.lever.co/goodeggs,https://api.lever.co/v0/postings/goodeggs?mode=json,open-apply-jobs,2026-01-28,2026-05-12,76,,,
Goodleap,goodleap,https://jobs.lever.co/goodleap,https://api.lever.co/v0/postings/goodleap?mode=json,open-apply-jobs,2023-05-16,2026-06-26,2032,,,
Gopuff,gopuff,https://jobs.lever.co/gopuff,https://api.lever.co/v0/postings/gopuff?mode=json,open-apply-jobs,2021-03-03,2026-06-26,32000,,,
Gorh,gorh,https://jobs.lever.co/gorh,https://api.lever.co/v0/postings/gorh?mode=json,open-apply-jobs,2021-05-13,2026-06-26,17054,,,
Gostudion,gostudion,https://jobs.lever.co/gostudion,https://api.lever.co/v0/postings/gostudion?mode=json,open-apply-jobs,2016-06-15,2026-06-18,214,,,
Goswift,goswift,https://jobs.lever.co/goswift,https://api.lever.co/v0/postings/goswift?mode=json,open-apply-jobs,2021-02-10,2026-06-17,425,,,
Gotogroup,gotogroup,https://jobs.lever.co/gotogroup,https://api.lever.co/v0/postings/gotogroup?mode=json,open-apply-jobs,2024-07-02,2026-06-22,2424,,,
Gouspack,gouspack,https://jobs.lever.co/gouspack,https://api.lever.co/v0/postings/gouspack?mode=json,open-apply-jobs,2022-04-26,2026-06-18,511,,,
Gr0,gr0,https://jobs.lever.co/gr0,https://api.lever.co/v0/postings/gr0?mode=json,open-apply-jobs,2021-05-02,2026-06-25,242,,,
Grailbio,grailbio,https://jobs.lever.co/grailbio,https://api.lever.co/v0/postings/grailbio?mode=json,open-apply-jobs,2025-10-24,2026-06-25,2582,,,
Grand,grand,https://jobs.lever.co/grand,https://api.lever.co/v0/postings/grand?mode=json,open-apply-jobs,2025-02-28,2026-05-21,547,,,
Gravie,gravie,https://jobs.lever.co/gravie,https://api.lever.co/v0/postings/gravie?mode=json,open-apply-jobs,2023-10-03,2026-06-26,1538,,,
Gravisrobotics,gravisrobotics,https://jobs.lever.co/gravisrobotics,https://api.lever.co/v0/postings/gravisrobotics?mode=json,open-apply-jobs,2023-11-28,2026-06-24,545,,,
Graviticsspace,graviticsspace,https://jobs.lever.co/graviticsspace,https://api.lever.co/v0/postings/graviticsspace?mode=json,open-apply-jobs,2023-04-14,2026-04-30,825,,,
Graylog,graylog,https://jobs.lever.co/graylog,https://api.lever.co/v0/postings/graylog?mode=json,open-apply-jobs,2026-05-26,2026-05-26,22,,,
Great Gray Group,great-gray-group,https://jobs.lever.co/great-gray-group,https://api.lever.co/v0/postings/great-gray-group?mode=json,open-apply-jobs,2026-03-06,2026-06-23,494,,,
Greenlight,greenlight,https://jobs.lever.co/greenlight,https://api.lever.co/v0/postings/greenlight?mode=json,open-apply-jobs,2025-08-04,2026-06-25,1206,,,
Gridmatic,gridmatic,https://jobs.lever.co/gridmatic,https://api.lever.co/v0/postings/gridmatic?mode=json,open-apply-jobs,2022-07-30,2026-05-15,580,,,
Gridware,gridware,https://jobs.lever.co/gridware,https://api.lever.co/v0/postings/gridware?mode=json,open-apply-jobs,2025-02-06,2026-06-17,1835,,,
Groupbyinc,groupbyinc,https://jobs.lever.co/groupbyinc,https://api.lever.co/v0/postings/groupbyinc?mode=json,open-apply-jobs,2022-10-24,2026-04-23,505,,,
Groupthink,groupthink,https://jobs.lever.co/groupthink,https://api.lever.co/v0/postings/groupthink?mode=json,open-apply-jobs,2022-03-03,2024-07-10,38,,,
Guidestareldercare,guidestareldercare,https://jobs.lever.co/guidestareldercare,https://api.lever.co/v0/postings/guidestareldercare?mode=json,open-apply-jobs,2023-05-30,2026-06-23,3769,,,
Gursey,gursey,https://jobs.lever.co/gursey,https://api.lever.co/v0/postings/gursey?mode=json,open-apply-jobs,2025-10-27,2026-06-12,405,,,
Gushwork,gushwork,https://jobs.lever.co/gushwork,https://api.lever.co/v0/postings/gushwork?mode=json,open-apply-jobs,2025-04-04,2026-06-26,787,,,
Gynger,gynger,https://jobs.lever.co/gynger,https://api.lever.co/v0/postings/gynger?mode=json,open-apply-jobs,2026-04-01,2026-06-10,82,,,
H1,h1,https://jobs.lever.co/h1,https://api.lever.co/v0/postings/h1?mode=json,open-apply-jobs,2024-09-23,2026-06-26,882,,,
Halosbodycams,halosbodycams,https://jobs.lever.co/halosbodycams,https://api.lever.co/v0/postings/halosbodycams?mode=json,open-apply-jobs,2026-02-10,2026-05-18,102,,,
Handoff,handoff,https://jobs.lever.co/handoff,https://api.lever.co/v0/postings/handoff?mode=json,open-apply-jobs,2025-05-07,2026-06-26,735,,,
Hannaandersson,hannaandersson,https://jobs.lever.co/hannaandersson,https://api.lever.co/v0/postings/hannaandersson?mode=json,open-apply-jobs,2026-03-12,2026-06-11,230,,,
Happyco,happyco,https://jobs.lever.co/happyco,https://api.lever.co/v0/postings/happyco?mode=json,open-apply-jobs,2021-12-22,2026-06-01,782,,,
Happyhiller,happyhiller,https://jobs.lever.co/happyhiller,https://api.lever.co/v0/postings/happyhiller?mode=json,open-apply-jobs,2025-10-22,2026-06-26,4857,,,
Harmonicdesign,harmonicdesign,https://jobs.lever.co/harmonicdesign,https://api.lever.co/v0/postings/harmonicdesign?mode=json,open-apply-jobs,2022-10-24,2026-06-08,68,,,
Harmony,harmony,https://jobs.lever.co/harmony,https://api.lever.co/v0/postings/harmony?mode=json,open-apply-jobs,2022-09-18,2024-04-03,576,,,
Harrisonst,harrisonst,https://jobs.lever.co/harrisonst,https://api.lever.co/v0/postings/harrisonst?mode=json,open-apply-jobs,2025-10-17,2026-06-24,1040,,,
Hashtagpaid,hashtagpaid,https://jobs.lever.co/hashtagpaid,https://api.lever.co/v0/postings/hashtagpaid?mode=json,open-apply-jobs,2022-07-28,2026-06-16,263,,,
Hasi,hasi,https://jobs.lever.co/hasi,https://api.lever.co/v0/postings/hasi?mode=json,open-apply-jobs,2020-10-28,2026-06-26,662,,,
Hatchit,hatchit,https://jobs.lever.co/hatchit,https://api.lever.co/v0/postings/hatchit?mode=json,open-apply-jobs,2020-03-25,2026-06-23,1393,,,
Havenparkcommunities,havenparkcommunities,https://jobs.lever.co/havenparkcommunities,https://api.lever.co/v0/postings/havenparkcommunities?mode=json,open-apply-jobs,2025-03-10,2026-06-25,1730,,,
Hawaiianhost,hawaiianhost,https://jobs.lever.co/hawaiianhost,https://api.lever.co/v0/postings/hawaiianhost?mode=json,open-apply-jobs,2025-10-30,2026-06-27,915,,,
Hcvt,hcvt,https://jobs.lever.co/hcvt,https://api.lever.co/v0/postings/hcvt?mode=json,open-apply-jobs,2017-06-06,2026-06-19,2634,,,
Headlight.Health,headlight.health,https://jobs.lever.co/headlight.health,https://api.lever.co/v0/postings/headlight.health?mode=json,open-apply-jobs,2023-07-25,2026-06-24,1902,,,
Healthcare,healthcare,https://jobs.lever.co/healthcare,https://api.lever.co/v0/postings/healthcare?mode=json,open-apply-jobs,2026-03-03,2026-05-29,238,,,
Heard,heard,https://jobs.lever.co/heard,https://api.lever.co/v0/postings/heard?mode=json,open-apply-jobs,2026-03-26,2026-04-22,54,,,
Heartbeathealth,heartbeathealth,https://jobs.lever.co/heartbeathealth,https://api.lever.co/v0/postings/heartbeathealth?mode=json,open-apply-jobs,2021-07-30,2026-06-23,1318,,,
Heetch,heetch,https://jobs.lever.co/heetch,https://api.lever.co/v0/postings/heetch?mode=json,open-apply-jobs,2025-08-18,2026-06-23,1180,,,
Hellonanny,hellonanny,https://jobs.lever.co/hellonanny,https://api.lever.co/v0/postings/hellonanny?mode=json,open-apply-jobs,2025-08-11,2026-06-19,662,,,
Hermeus,hermeus,https://jobs.lever.co/hermeus,https://api.lever.co/v0/postings/hermeus?mode=json,open-apply-jobs,2025-03-14,2026-06-26,7161,,,
Hevodata,hevodata,https://jobs.lever.co/hevodata,https://api.lever.co/v0/postings/hevodata?mode=json,open-apply-jobs,2024-01-21,2026-06-28,2403,,,
Hexagonusfederal,hexagonusfederal,https://jobs.lever.co/hexagonusfederal,https://api.lever.co/v0/postings/hexagonusfederal?mode=json,open-apply-jobs,2026-02-17,2026-05-01,288,,,
Heyjane,heyjane,https://jobs.lever.co/heyjane,https://api.lever.co/v0/postings/heyjane?mode=json,open-apply-jobs,2026-01-12,2026-06-23,293,,,
Heyrowan,heyrowan,https://jobs.lever.co/heyrowan,https://api.lever.co/v0/postings/heyrowan?mode=json,open-apply-jobs,2025-12-04,2026-06-26,4786,,,
Hgen,hgen,https://jobs.lever.co/hgen,https://api.lever.co/v0/postings/hgen?mode=json,open-apply-jobs,2022-05-09,2025-02-11,384,,,
Hhaexchange,hhaexchange,https://jobs.lever.co/hhaexchange,https://api.lever.co/v0/postings/hhaexchange?mode=json,open-apply-jobs,2025-05-20,2026-06-26,2412,,,
Highbarhealth,highbarhealth,https://jobs.lever.co/highbarhealth,https://api.lever.co/v0/postings/highbarhealth?mode=json,open-apply-jobs,2025-02-03,2026-06-23,3751,,,
Highlandfleets,highlandfleets-2,https://jobs.lever.co/highlandfleets-2,https://api.lever.co/v0/postings/highlandfleets-2?mode=json,open-apply-jobs,2025-02-03,2026-05-27,218,,,
Highspot,highspot,https://jobs.lever.co/highspot,https://api.lever.co/v0/postings/highspot?mode=json,open-apply-jobs,2025-09-24,2026-06-26,372,,,
Highstreetit,highstreetit,https://jobs.lever.co/highstreetit,https://api.lever.co/v0/postings/highstreetit?mode=json,open-apply-jobs,2025-07-09,2026-06-22,891,,,
Hightechhigh,hightechhigh,https://jobs.lever.co/hightechhigh,https://api.lever.co/v0/postings/hightechhigh?mode=json,open-apply-jobs,2018-08-09,2026-06-25,6191,,,
Hihello,hihello,https://jobs.lever.co/hihello,https://api.lever.co/v0/postings/hihello?mode=json,open-apply-jobs,2026-05-28,2026-05-28,22,,,
Hint,hint,https://jobs.lever.co/hint,https://api.lever.co/v0/postings/hint?mode=json,open-apply-jobs,2026-03-31,2026-06-08,45,,,
Hive,hive,https://jobs.lever.co/hive,https://api.lever.co/v0/postings/hive?mode=json,open-apply-jobs,2017-11-13,2026-04-28,4779,,,
Hivemind Capital,hivemind-capital,https://jobs.lever.co/hivemind-capital,https://api.lever.co/v0/postings/hivemind-capital?mode=json,open-apply-jobs,2025-06-13,2026-06-05,290,,,
Honkforhelp,honkforhelp,https://jobs.lever.co/honkforhelp,https://api.lever.co/v0/postings/honkforhelp?mode=json,open-apply-jobs,2026-02-05,2026-06-08,250,,,
Hopelab,hopelab,https://jobs.lever.co/hopelab,https://api.lever.co/v0/postings/hopelab?mode=json,open-apply-jobs,2026-05-05,2026-05-05,16,,,
Hopeservices,hopeservices,https://jobs.lever.co/hopeservices,https://api.lever.co/v0/postings/hopeservices?mode=json,open-apply-jobs,2020-05-12,2026-06-26,2565,,,
Hophr,hophr,https://jobs.lever.co/hophr,https://api.lever.co/v0/postings/hophr?mode=json,open-apply-jobs,2026-01-29,2026-06-09,1148,,,
Horizon,horizon,https://jobs.lever.co/horizon,https://api.lever.co/v0/postings/horizon?mode=json,open-apply-jobs,2025-11-13,2025-11-13,64,,,
Hostinger,hostinger,https://jobs.lever.co/hostinger,https://api.lever.co/v0/postings/hostinger?mode=json,open-apply-jobs,2021-09-13,2026-04-27,2274,,,
Hottopic,hottopic,https://jobs.lever.co/hottopic,https://api.lever.co/v0/postings/hottopic?mode=json,open-apply-jobs,2017-05-11,2026-06-23,1145,,,
Houzz,houzz,https://jobs.lever.co/houzz,https://api.lever.co/v0/postings/houzz?mode=json,open-apply-jobs,2025-09-26,2026-05-11,537,,,
Humanetech,humanetech,https://jobs.lever.co/humanetech,https://api.lever.co/v0/postings/humanetech?mode=json,open-apply-jobs,2026-02-27,2026-06-11,39,,,
Hush,hush,https://jobs.lever.co/hush,https://api.lever.co/v0/postings/hush?mode=json,open-apply-jobs,2019-10-09,2026-04-03,704,,,
Hypebeast,hypebeast,https://jobs.lever.co/hypebeast,https://api.lever.co/v0/postings/hypebeast?mode=json,open-apply-jobs,2023-06-27,2026-06-10,1556,,,
Ibility,ibility,https://jobs.lever.co/ibility,https://api.lever.co/v0/postings/ibility?mode=json,open-apply-jobs,2026-02-25,2026-06-22,717,,,
Idealistconsulting,idealistconsulting,https://jobs.lever.co/idealistconsulting,https://api.lever.co/v0/postings/idealistconsulting?mode=json,open-apply-jobs,2023-01-29,2026-05-31,356,,,
Idmworks,idmworks,https://jobs.lever.co/idmworks,https://api.lever.co/v0/postings/idmworks?mode=json,open-apply-jobs,2024-05-10,2026-06-25,548,,,
Idt,idt,https://jobs.lever.co/idt,https://api.lever.co/v0/postings/idt?mode=json,open-apply-jobs,2018-09-26,2026-06-22,7186,,,
Ifm Us,ifm-us,https://jobs.lever.co/ifm-us,https://api.lever.co/v0/postings/ifm-us?mode=json,open-apply-jobs,2025-03-17,2026-06-24,3047,,,
Iheartjane,iheartjane,https://jobs.lever.co/iheartjane,https://api.lever.co/v0/postings/iheartjane?mode=json,open-apply-jobs,2026-04-09,2026-06-11,50,,,
Ilek.Fr,ilek.fr,https://jobs.lever.co/ilek.fr,https://api.lever.co/v0/postings/ilek.fr?mode=json,open-apply-jobs,2026-01-22,2026-06-12,257,,,
Illumination,illumination,https://jobs.lever.co/illumination,https://api.lever.co/v0/postings/illumination?mode=json,open-apply-jobs,2026-02-21,2026-05-22,119,,,
Imagexmedia,imagexmedia,https://jobs.lever.co/imagexmedia,https://api.lever.co/v0/postings/imagexmedia?mode=json,open-apply-jobs,2021-07-04,2021-07-04,64,,,
Imentor,imentor,https://jobs.lever.co/imentor,https://api.lever.co/v0/postings/imentor?mode=json,open-apply-jobs,2026-01-23,2026-05-21,196,,,
Immiland Canada Inc,immiland-canada-inc,https://jobs.lever.co/immiland-canada-inc,https://api.lever.co/v0/postings/immiland-canada-inc?mode=json,open-apply-jobs,2024-02-13,2026-06-24,4196,,,
Immuta,immuta,https://jobs.lever.co/immuta,https://api.lever.co/v0/postings/immuta?mode=json,open-apply-jobs,2026-01-09,2026-06-25,403,,,
Immutable,immutable,https://jobs.lever.co/immutable,https://api.lever.co/v0/postings/immutable?mode=json,open-apply-jobs,2024-12-11,2026-04-30,267,,,
Imo Online,imo-online,https://jobs.lever.co/imo-online,https://api.lever.co/v0/postings/imo-online?mode=json,open-apply-jobs,2025-10-31,2026-06-08,228,,,
Impossiblecloud,impossiblecloud,https://jobs.lever.co/impossiblecloud,https://api.lever.co/v0/postings/impossiblecloud?mode=json,open-apply-jobs,2024-07-29,2026-06-16,1130,,,
Includedhealth,includedhealth,https://jobs.lever.co/includedhealth,https://api.lever.co/v0/postings/includedhealth?mode=json,open-apply-jobs,2023-01-11,2026-06-26,3775,,,
Incompasshealth,incompasshealth,https://jobs.lever.co/incompasshealth,https://api.lever.co/v0/postings/incompasshealth?mode=json,open-apply-jobs,2018-06-26,2026-05-29,2196,,,
Incorta,incorta,https://jobs.lever.co/incorta,https://api.lever.co/v0/postings/incorta?mode=json,open-apply-jobs,2024-05-23,2026-06-18,533,,,
Indebted,indebted,https://jobs.lever.co/indebted,https://api.lever.co/v0/postings/indebted?mode=json,open-apply-jobs,2025-10-10,2026-02-11,384,,,
Inductivehealth,inductivehealth,https://jobs.lever.co/inductivehealth,https://api.lever.co/v0/postings/inductivehealth?mode=json,open-apply-jobs,2026-03-12,2026-06-08,185,,,
Induprotx.Com,induprotx.com,https://jobs.lever.co/induprotx.com,https://api.lever.co/v0/postings/induprotx.com?mode=json,open-apply-jobs,2026-03-17,2026-04-03,182,,,
Infinit,infinit,https://jobs.lever.co/infinit,https://api.lever.co/v0/postings/infinit?mode=json,open-apply-jobs,2026-02-26,2026-06-25,930,,,
Inflowfed,inflowfed,https://jobs.lever.co/inflowfed,https://api.lever.co/v0/postings/inflowfed?mode=json,open-apply-jobs,2022-11-10,2026-05-12,737,,,
Influ2,influ2,https://jobs.lever.co/influ2,https://api.lever.co/v0/postings/influ2?mode=json,open-apply-jobs,2026-04-01,2026-06-16,94,,,
Influur,influur,https://jobs.lever.co/influur,https://api.lever.co/v0/postings/influur?mode=json,open-apply-jobs,2025-01-27,2026-06-24,1282,,,
Infstones,infstones,https://jobs.lever.co/infstones,https://api.lever.co/v0/postings/infstones?mode=json,open-apply-jobs,2025-12-22,2026-06-03,320,,,
Inkitt,inkitt,https://jobs.lever.co/inkitt,https://api.lever.co/v0/postings/inkitt?mode=json,open-apply-jobs,2022-03-01,2026-06-08,716,,,
Innocraft,innocraft,https://jobs.lever.co/innocraft,https://api.lever.co/v0/postings/innocraft?mode=json,open-apply-jobs,2026-03-04,2026-06-23,194,,,
Innophos,innophos,https://jobs.lever.co/innophos,https://api.lever.co/v0/postings/innophos?mode=json,open-apply-jobs,2024-10-02,2026-06-18,1672,,,
Innovativesol,innovativesol-2,https://jobs.lever.co/innovativesol-2,https://api.lever.co/v0/postings/innovativesol-2?mode=json,open-apply-jobs,2025-07-02,2026-06-23,593,,,
Inpay,inpay-2,https://jobs.lever.co/inpay-2,https://api.lever.co/v0/postings/inpay-2?mode=json,open-apply-jobs,2026-03-17,2026-06-25,124,,,
Insify,insify,https://jobs.lever.co/insify,https://api.lever.co/v0/postings/insify?mode=json,open-apply-jobs,2025-04-24,2026-06-17,1222,,,
Insomniacdesign,insomniacdesign,https://jobs.lever.co/insomniacdesign,https://api.lever.co/v0/postings/insomniacdesign?mode=json,open-apply-jobs,2025-06-30,2026-04-19,514,,,
Insomniacookies,insomniacookies,https://jobs.lever.co/insomniacookies,https://api.lever.co/v0/postings/insomniacookies?mode=json,open-apply-jobs,2022-01-24,2026-06-25,32000,,,
Integrabeauty,integrabeauty,https://jobs.lever.co/integrabeauty,https://api.lever.co/v0/postings/integrabeauty?mode=json,open-apply-jobs,2025-10-08,2026-06-23,311,,,
Integrate,integrate,https://jobs.lever.co/integrate,https://api.lever.co/v0/postings/integrate?mode=json,open-apply-jobs,2025-09-05,2026-06-05,563,,,
Integrators.Cz,integrators.cz,https://jobs.lever.co/integrators.cz,https://api.lever.co/v0/postings/integrators.cz?mode=json,open-apply-jobs,2022-09-14,2026-06-18,1055,,,
Intelligent City,intelligent-city,https://jobs.lever.co/intelligent-city,https://api.lever.co/v0/postings/intelligent-city?mode=json,open-apply-jobs,2025-12-15,2025-12-15,31,,,
Intenseye,intenseye,https://jobs.lever.co/intenseye,https://api.lever.co/v0/postings/intenseye?mode=json,open-apply-jobs,2026-02-26,2026-06-15,70,,,
Intersect,intersect,https://jobs.lever.co/intersect,https://api.lever.co/v0/postings/intersect?mode=json,open-apply-jobs,2025-10-22,2026-06-25,2031,,,
Intrafi,intrafi,https://jobs.lever.co/intrafi,https://api.lever.co/v0/postings/intrafi?mode=json,open-apply-jobs,2025-06-12,2026-06-26,671,,,
Intrepidcollegeprep,intrepidcollegeprep,https://jobs.lever.co/intrepidcollegeprep,https://api.lever.co/v0/postings/intrepidcollegeprep?mode=json,open-apply-jobs,2022-03-22,2026-05-07,1067,,,
Intropic,intropic,https://jobs.lever.co/intropic,https://api.lever.co/v0/postings/intropic?mode=json,open-apply-jobs,2022-03-20,2026-05-26,887,,,
Investorflow,investorflow,https://jobs.lever.co/investorflow,https://api.lever.co/v0/postings/investorflow?mode=json,open-apply-jobs,2025-09-16,2026-06-25,1127,,,
Invinity,invinity,https://jobs.lever.co/invinity,https://api.lever.co/v0/postings/invinity?mode=json,open-apply-jobs,2025-09-03,2026-06-19,424,,,
Ioconnectservices.Com,ioconnectservices.com,https://jobs.lever.co/ioconnectservices.com,https://api.lever.co/v0/postings/ioconnectservices.com?mode=json,open-apply-jobs,2023-10-05,2025-12-02,896,,,
Ion,ion,https://jobs.lever.co/ion,https://api.lever.co/v0/postings/ion?mode=json,open-apply-jobs,2018-07-09,2026-06-22,7609,,,
Ionicpartners,ionicpartners,https://jobs.lever.co/ionicpartners,https://api.lever.co/v0/postings/ionicpartners?mode=json,open-apply-jobs,2025-09-29,2026-06-09,782,,,
Ippon,ippon,https://jobs.lever.co/ippon,https://api.lever.co/v0/postings/ippon?mode=json,open-apply-jobs,2022-10-06,2026-06-02,4194,,,
Irvine Clinical,irvine-clinical,https://jobs.lever.co/irvine-clinical,https://api.lever.co/v0/postings/irvine-clinical?mode=json,open-apply-jobs,2024-06-05,2026-06-18,934,,,
Isee,isee,https://jobs.lever.co/isee,https://api.lever.co/v0/postings/isee?mode=json,open-apply-jobs,2019-09-09,2026-06-12,1625,,,
Ispace Inc,ispace-inc,https://jobs.lever.co/ispace-inc,https://api.lever.co/v0/postings/ispace-inc?mode=json,open-apply-jobs,2024-12-18,2026-06-23,2267,,,
Istaridigital.Ai,istaridigital.ai,https://jobs.lever.co/istaridigital.ai,https://api.lever.co/v0/postings/istaridigital.ai?mode=json,open-apply-jobs,2025-02-13,2026-06-26,815,,,
Iterative,iterative,https://jobs.lever.co/iterative,https://api.lever.co/v0/postings/iterative?mode=json,open-apply-jobs,2022-02-16,2023-09-16,205,,,
Ivo,ivo,https://jobs.lever.co/ivo,https://api.lever.co/v0/postings/ivo?mode=json,open-apply-jobs,2025-01-20,2026-04-13,152,,,
Iyzico,iyzico,https://jobs.lever.co/iyzico,https://api.lever.co/v0/postings/iyzico?mode=json,open-apply-jobs,2023-01-19,2026-06-11,644,,,
Jamcity,jamcity,https://jobs.lever.co/jamcity,https://api.lever.co/v0/postings/jamcity?mode=json,open-apply-jobs,2017-09-14,2026-04-08,490,,,
Januaryinc,januaryinc,https://jobs.lever.co/januaryinc,https://api.lever.co/v0/postings/januaryinc?mode=json,open-apply-jobs,2026-03-19,2026-04-30,107,,,
Januxrx,januxrx,https://jobs.lever.co/januxrx,https://api.lever.co/v0/postings/januxrx?mode=json,open-apply-jobs,2025-10-30,2026-06-17,581,,,
Jellysmack,jellysmack,https://jobs.lever.co/jellysmack,https://api.lever.co/v0/postings/jellysmack?mode=json,open-apply-jobs,2024-09-25,2024-10-10,90,,,
Jetsetpilates,jetsetpilates,https://jobs.lever.co/jetsetpilates,https://api.lever.co/v0/postings/jetsetpilates?mode=json,open-apply-jobs,2025-05-05,2026-06-26,16228,,,
Jetsupport,jetsupport,https://jobs.lever.co/jetsupport,https://api.lever.co/v0/postings/jetsupport?mode=json,open-apply-jobs,2019-12-24,2026-06-24,1844,,,
Jiostar,jiostar,https://jobs.lever.co/jiostar,https://api.lever.co/v0/postings/jiostar?mode=json,open-apply-jobs,2025-03-26,2026-05-19,9018,,,
Jito,jito,https://jobs.lever.co/jito,https://api.lever.co/v0/postings/jito?mode=json,open-apply-jobs,2025-01-14,2026-06-01,132,,,
Jito.Wtf,jito.wtf,https://jobs.lever.co/jito.wtf,https://api.lever.co/v0/postings/jito.wtf?mode=json,open-apply-jobs,2024-12-20,2026-05-15,379,,,
Jitxinc,jitxinc,https://jobs.lever.co/jitxinc,https://api.lever.co/v0/postings/jitxinc?mode=json,open-apply-jobs,2026-03-30,2026-03-30,64,,,
Jmawireless,jmawireless,https://jobs.lever.co/jmawireless,https://api.lever.co/v0/postings/jmawireless?mode=json,open-apply-jobs,2026-02-06,2026-06-10,437,,,
Jobandtalent,jobandtalent,https://jobs.lever.co/jobandtalent,https://api.lever.co/v0/postings/jobandtalent?mode=json,open-apply-jobs,2023-07-04,2026-06-10,1339,,,
Jobscan,jobscan-2,https://jobs.lever.co/jobscan-2,https://api.lever.co/v0/postings/jobscan-2?mode=json,open-apply-jobs,2026-01-12,2026-06-25,202,,,
Joelefrank,joelefrank,https://jobs.lever.co/joelefrank,https://api.lever.co/v0/postings/joelefrank?mode=json,open-apply-jobs,2025-01-13,2026-06-15,218,,,
Jointopo,jointopo,https://jobs.lever.co/jointopo,https://api.lever.co/v0/postings/jointopo?mode=json,open-apply-jobs,2025-12-31,2026-03-05,126,,,
Joltcharge,joltcharge,https://jobs.lever.co/joltcharge,https://api.lever.co/v0/postings/joltcharge?mode=json,open-apply-jobs,2023-02-16,2026-06-19,355,,,
Joshstoysandgames,joshstoysandgames,https://jobs.lever.co/joshstoysandgames,https://api.lever.co/v0/postings/joshstoysandgames?mode=json,open-apply-jobs,2022-11-15,2026-04-29,320,,,
Joyrideautos,joyrideautos,https://jobs.lever.co/joyrideautos,https://api.lever.co/v0/postings/joyrideautos?mode=json,open-apply-jobs,2021-03-08,2022-09-20,576,,,
Jumpcloud,jumpcloud,https://jobs.lever.co/jumpcloud,https://api.lever.co/v0/postings/jumpcloud?mode=json,open-apply-jobs,2025-01-23,2026-06-17,1773,,,
Juneshine,juneshine,https://jobs.lever.co/juneshine,https://api.lever.co/v0/postings/juneshine?mode=json,open-apply-jobs,2019-04-30,2026-06-17,554,,,
Jupe,jupe,https://jobs.lever.co/jupe,https://api.lever.co/v0/postings/jupe?mode=json,open-apply-jobs,2021-09-08,2022-08-17,128,,,
Jushico,jushico,https://jobs.lever.co/jushico,https://api.lever.co/v0/postings/jushico?mode=json,open-apply-jobs,2025-05-13,2026-06-26,6526,,,
Justwatch,justwatch,https://jobs.lever.co/justwatch,https://api.lever.co/v0/postings/justwatch?mode=json,open-apply-jobs,2021-04-05,2026-06-26,1102,,,
Jvs Boston,jvs-boston,https://jobs.lever.co/jvs-boston,https://api.lever.co/v0/postings/jvs-boston?mode=json,open-apply-jobs,2025-10-24,2026-06-26,689,,,
Kabam,kabam,https://jobs.lever.co/kabam,https://api.lever.co/v0/postings/kabam?mode=json,open-apply-jobs,2025-01-22,2026-06-24,1176,,,
Kapta Space,kapta-space,https://jobs.lever.co/kapta-space,https://api.lever.co/v0/postings/kapta-space?mode=json,open-apply-jobs,2025-06-09,2025-12-15,392,,,
Kapwing,kapwing,https://jobs.lever.co/kapwing,https://api.lever.co/v0/postings/kapwing?mode=json,open-apply-jobs,2026-04-10,2026-04-10,64,,,
Kariusdx,kariusdx,https://jobs.lever.co/kariusdx,https://api.lever.co/v0/postings/kariusdx?mode=json,open-apply-jobs,2022-10-05,2026-06-23,743,,,
Karmacheck,karmacheck,https://jobs.lever.co/karmacheck,https://api.lever.co/v0/postings/karmacheck?mode=json,open-apply-jobs,2026-06-04,2026-06-04,22,,,
Kasada,kasada,https://jobs.lever.co/kasada,https://api.lever.co/v0/postings/kasada?mode=json,open-apply-jobs,2026-02-25,2026-05-18,358,,,
Kasheesh,kasheesh,https://jobs.lever.co/kasheesh,https://api.lever.co/v0/postings/kasheesh?mode=json,open-apply-jobs,2025-10-15,2026-04-23,85,,,
Kcasbio,kcasbio,https://jobs.lever.co/kcasbio,https://api.lever.co/v0/postings/kcasbio?mode=json,open-apply-jobs,2022-11-01,2026-06-15,632,,,
Kddia,kddia,https://jobs.lever.co/kddia,https://api.lever.co/v0/postings/kddia?mode=json,open-apply-jobs,2023-05-01,2026-01-27,186,,,
Kenko,kenko,https://jobs.lever.co/kenko,https://api.lever.co/v0/postings/kenko?mode=json,open-apply-jobs,2023-04-19,2026-03-05,111,,,
Kepler,kepler,https://jobs.lever.co/kepler,https://api.lever.co/v0/postings/kepler?mode=json,open-apply-jobs,2025-11-11,2026-06-24,1266,,,
Keyloop,keyloop,https://jobs.lever.co/keyloop,https://api.lever.co/v0/postings/keyloop?mode=json,open-apply-jobs,2025-05-13,2026-06-25,2940,,,
Kgroupcompanies,kgroupcompanies,https://jobs.lever.co/kgroupcompanies,https://api.lever.co/v0/postings/kgroupcompanies?mode=json,open-apply-jobs,2026-04-10,2026-06-26,1422,,,
Kickmaker,kickmaker,https://jobs.lever.co/kickmaker,https://api.lever.co/v0/postings/kickmaker?mode=json,open-apply-jobs,2021-12-07,2026-06-18,1507,,,
Kiddom,kiddom,https://jobs.lever.co/kiddom,https://api.lever.co/v0/postings/kiddom?mode=json,open-apply-jobs,2017-05-22,2026-06-03,1302,,,
Killbusyseason,killbusyseason,https://jobs.lever.co/killbusyseason,https://api.lever.co/v0/postings/killbusyseason?mode=json,open-apply-jobs,2025-07-26,2026-06-26,441,,,
Kinsta,kinsta,https://jobs.lever.co/kinsta,https://api.lever.co/v0/postings/kinsta?mode=json,open-apply-jobs,2026-02-26,2026-06-02,186,,,
Kinter,kinter,https://jobs.lever.co/kinter,https://api.lever.co/v0/postings/kinter?mode=json,open-apply-jobs,2022-06-02,2022-06-02,27,,,
Kippsocal,kippsocal,https://jobs.lever.co/kippsocal,https://api.lever.co/v0/postings/kippsocal?mode=json,open-apply-jobs,2017-09-15,2026-06-25,1675,,,
Kira Learning.Com,kira-learning.com,https://jobs.lever.co/kira-learning.com,https://api.lever.co/v0/postings/kira-learning.com?mode=json,open-apply-jobs,2023-08-14,2025-05-20,512,,,
Kitmanlabs,kitmanlabs,https://jobs.lever.co/kitmanlabs,https://api.lever.co/v0/postings/kitmanlabs?mode=json,open-apply-jobs,2026-03-23,2026-06-17,308,,,
Kitware,kitware,https://jobs.lever.co/kitware,https://api.lever.co/v0/postings/kitware?mode=json,open-apply-jobs,2024-06-24,2026-06-24,1407,,,
Kivaconfections,kivaconfections,https://jobs.lever.co/kivaconfections,https://api.lever.co/v0/postings/kivaconfections?mode=json,open-apply-jobs,2026-02-12,2026-06-04,536,,,
Kixie,kixie,https://jobs.lever.co/kixie,https://api.lever.co/v0/postings/kixie?mode=json,open-apply-jobs,2025-01-06,2026-04-22,384,,,
Klearnow,klearnow,https://jobs.lever.co/klearnow,https://api.lever.co/v0/postings/klearnow?mode=json,open-apply-jobs,2019-08-02,2026-06-26,556,,,
Knix,knix,https://jobs.lever.co/knix,https://api.lever.co/v0/postings/knix?mode=json,open-apply-jobs,2026-01-19,2026-06-26,2335,,,
Knownwell,knownwell,https://jobs.lever.co/knownwell,https://api.lever.co/v0/postings/knownwell?mode=json,open-apply-jobs,2024-06-10,2026-04-14,339,,,
Koalahealth,koalahealth,https://jobs.lever.co/koalahealth,https://api.lever.co/v0/postings/koalahealth?mode=json,open-apply-jobs,2022-05-18,2026-06-25,389,,,
Kobie,kobie,https://jobs.lever.co/kobie,https://api.lever.co/v0/postings/kobie?mode=json,open-apply-jobs,2023-06-30,2026-06-16,1640,,,
Kochava,kochava,https://jobs.lever.co/kochava,https://api.lever.co/v0/postings/kochava?mode=json,open-apply-jobs,2025-12-12,2026-06-10,158,,,
Kogniz,kogniz,https://jobs.lever.co/kogniz,https://api.lever.co/v0/postings/kogniz?mode=json,open-apply-jobs,2018-09-22,2018-10-10,320,,,
Kolibrigames,kolibrigames,https://jobs.lever.co/kolibrigames,https://api.lever.co/v0/postings/kolibrigames?mode=json,open-apply-jobs,2020-04-21,2026-04-17,338,,,
Korrobio,korrobio,https://jobs.lever.co/korrobio,https://api.lever.co/v0/postings/korrobio?mode=json,open-apply-jobs,2025-12-12,2026-06-24,305,,,
Kotm,kotm,https://jobs.lever.co/kotm,https://api.lever.co/v0/postings/kotm?mode=json,open-apply-jobs,2025-08-19,2026-06-17,261,,,
Kpaonline,kpaonline,https://jobs.lever.co/kpaonline,https://api.lever.co/v0/postings/kpaonline?mode=json,open-apply-jobs,2023-08-28,2026-06-25,444,,,
Kpler,kpler,https://jobs.lever.co/kpler,https://api.lever.co/v0/postings/kpler?mode=json,open-apply-jobs,2019-05-01,2026-06-26,5340,,,
Kpmgnz,kpmgnz,https://jobs.lever.co/kpmgnz,https://api.lever.co/v0/postings/kpmgnz?mode=json,open-apply-jobs,2022-08-10,2026-06-24,2117,,,
Kraken123,kraken123,https://jobs.lever.co/kraken123,https://api.lever.co/v0/postings/kraken123?mode=json,open-apply-jobs,2024-11-20,2026-06-26,3094,,,
Kruzeconsulting,kruzeconsulting,https://jobs.lever.co/kruzeconsulting,https://api.lever.co/v0/postings/kruzeconsulting?mode=json,open-apply-jobs,2023-01-12,2026-05-07,155,,,
Kubra,kubra,https://jobs.lever.co/kubra,https://api.lever.co/v0/postings/kubra?mode=json,open-apply-jobs,2025-08-17,2026-05-26,638,,,
Kyivstar,kyivstar,https://jobs.lever.co/kyivstar,https://api.lever.co/v0/postings/kyivstar?mode=json,open-apply-jobs,2019-11-04,2026-06-26,9572,,,
Ladders,ladders,https://jobs.lever.co/ladders,https://api.lever.co/v0/postings/ladders?mode=json,open-apply-jobs,2025-06-09,2026-06-26,142,,,
Lahaus,lahaus,https://jobs.lever.co/lahaus,https://api.lever.co/v0/postings/lahaus?mode=json,open-apply-jobs,2023-07-24,2024-03-19,128,,,
Lalamove,lalamove,https://jobs.lever.co/lalamove,https://api.lever.co/v0/postings/lalamove?mode=json,open-apply-jobs,2017-02-03,2026-06-26,8552,,,
Laminarprojects,laminarprojects,https://jobs.lever.co/laminarprojects,https://api.lever.co/v0/postings/laminarprojects?mode=json,open-apply-jobs,2024-06-06,2026-06-26,1553,,,
Lamudi,lamudi,https://jobs.lever.co/lamudi,https://api.lever.co/v0/postings/lamudi?mode=json,open-apply-jobs,2021-04-19,2026-06-22,1628,,,
Landmarkbio,landmarkbio,https://jobs.lever.co/landmarkbio,https://api.lever.co/v0/postings/landmarkbio?mode=json,open-apply-jobs,2026-02-04,2026-05-20,340,,,
Lansingschools,lansingschools,https://jobs.lever.co/lansingschools,https://api.lever.co/v0/postings/lansingschools?mode=json,open-apply-jobs,2024-01-25,2026-06-22,9358,,,
Larian,larian,https://jobs.lever.co/larian,https://api.lever.co/v0/postings/larian?mode=json,open-apply-jobs,2024-05-20,2026-06-16,4624,,,
Last Energy,last-energy,https://jobs.lever.co/last-energy,https://api.lever.co/v0/postings/last-energy?mode=json,open-apply-jobs,2022-03-28,2026-06-18,2292,,,
Latch,latch,https://jobs.lever.co/latch,https://api.lever.co/v0/postings/latch?mode=json,open-apply-jobs,2022-05-28,2024-03-26,128,,,
Latitudeinc,latitudeinc,https://jobs.lever.co/latitudeinc,https://api.lever.co/v0/postings/latitudeinc?mode=json,open-apply-jobs,2024-03-25,2026-04-15,20096,,,
Launchhousing,launchhousing,https://jobs.lever.co/launchhousing,https://api.lever.co/v0/postings/launchhousing?mode=json,open-apply-jobs,2025-04-03,2026-06-22,310,,,
Launchsquad,launchsquad,https://jobs.lever.co/launchsquad,https://api.lever.co/v0/postings/launchsquad?mode=json,open-apply-jobs,2020-12-24,2026-04-22,439,,,
Lavictoria,lavictoria,https://jobs.lever.co/lavictoria,https://api.lever.co/v0/postings/lavictoria?mode=json,open-apply-jobs,2026-05-14,2026-05-14,29,,,
Layup,layup,https://jobs.lever.co/layup,https://api.lever.co/v0/postings/layup?mode=json,open-apply-jobs,2024-05-06,2026-06-25,1242,,,
Lcbcchurch,lcbcchurch,https://jobs.lever.co/lcbcchurch,https://api.lever.co/v0/postings/lcbcchurch?mode=json,open-apply-jobs,2021-03-03,2026-06-23,1459,,,
Leantaas,leantaas,https://jobs.lever.co/leantaas,https://api.lever.co/v0/postings/leantaas?mode=json,open-apply-jobs,2026-03-18,2026-06-15,159,,,
Ledger,ledger,https://jobs.lever.co/ledger,https://api.lever.co/v0/postings/ledger?mode=json,open-apply-jobs,2025-05-05,2025-05-05,64,,,
Lemurian Labs,lemurian-labs,https://jobs.lever.co/lemurian-labs,https://api.lever.co/v0/postings/lemurian-labs?mode=json,open-apply-jobs,2024-04-22,2025-10-31,168,,,
Lendbuzz,lendbuzz,https://jobs.lever.co/lendbuzz,https://api.lever.co/v0/postings/lendbuzz?mode=json,open-apply-jobs,2024-02-27,2026-06-25,4257,,,
Leolabs,leolabs-2,https://jobs.lever.co/leolabs-2,https://api.lever.co/v0/postings/leolabs-2?mode=json,open-apply-jobs,2025-10-28,2026-01-20,240,,,
Lessen,lessen,https://jobs.lever.co/lessen,https://api.lever.co/v0/postings/lessen?mode=json,open-apply-jobs,2025-11-14,2026-06-22,3716,,,
Level99,level99,https://jobs.lever.co/level99,https://api.lever.co/v0/postings/level99?mode=json,open-apply-jobs,2026-01-17,2026-06-25,1557,,,
Levelai,levelai,https://jobs.lever.co/levelai,https://api.lever.co/v0/postings/levelai?mode=json,open-apply-jobs,2023-03-02,2026-06-25,1710,,,
Levelup,levelup,https://jobs.lever.co/levelup,https://api.lever.co/v0/postings/levelup?mode=json,open-apply-jobs,2025-12-09,2026-06-10,756,,,
Leverdemo,leverdemo,https://jobs.lever.co/leverdemo,https://api.lever.co/v0/postings/leverdemo?mode=json,open-apply-jobs,2013-10-04,2026-06-18,24970,,,
Lexeotx,lexeotx,https://jobs.lever.co/lexeotx,https://api.lever.co/v0/postings/lexeotx?mode=json,open-apply-jobs,2026-02-11,2026-06-04,438,,,
Liatrio,liatrio,https://jobs.lever.co/liatrio,https://api.lever.co/v0/postings/liatrio?mode=json,open-apply-jobs,2024-03-13,2026-05-15,901,,,
Life,life,https://jobs.lever.co/life,https://api.lever.co/v0/postings/life?mode=json,open-apply-jobs,2018-09-11,2026-06-22,3653,,,
Lifestance,lifestance,https://jobs.lever.co/lifestance,https://api.lever.co/v0/postings/lifestance?mode=json,open-apply-jobs,2026-01-05,2026-06-26,32000,,,
Lightedge,lightedge,https://jobs.lever.co/lightedge,https://api.lever.co/v0/postings/lightedge?mode=json,open-apply-jobs,2024-05-31,2026-06-25,1058,,,
Lightship,lightship,https://jobs.lever.co/lightship,https://api.lever.co/v0/postings/lightship?mode=json,open-apply-jobs,2023-04-05,2026-06-12,641,,,
Limberhealth,limberhealth,https://jobs.lever.co/limberhealth,https://api.lever.co/v0/postings/limberhealth?mode=json,open-apply-jobs,2025-11-26,2025-12-23,128,,,
Limitbreak,limitbreak,https://jobs.lever.co/limitbreak,https://api.lever.co/v0/postings/limitbreak?mode=json,open-apply-jobs,2023-07-14,2026-06-23,1440,,,
Lindblad Expeditions,lindblad-expeditions,https://jobs.lever.co/lindblad-expeditions,https://api.lever.co/v0/postings/lindblad-expeditions?mode=json,open-apply-jobs,2022-02-09,2026-06-25,1285,,,
Linkllc,linkllc,https://jobs.lever.co/linkllc,https://api.lever.co/v0/postings/linkllc?mode=json,open-apply-jobs,2024-07-30,2026-02-17,2880,,,
Livechatinc,livechatinc,https://jobs.lever.co/livechatinc,https://api.lever.co/v0/postings/livechatinc?mode=json,open-apply-jobs,2025-09-04,2026-05-15,521,,,
Livefront,livefront,https://jobs.lever.co/livefront,https://api.lever.co/v0/postings/livefront?mode=json,open-apply-jobs,2023-10-12,2026-03-25,264,,,
Livingcarbon,livingcarbon,https://jobs.lever.co/livingcarbon,https://api.lever.co/v0/postings/livingcarbon?mode=json,open-apply-jobs,2026-02-20,2026-06-26,23,,,
Loadsmart,loadsmart,https://jobs.lever.co/loadsmart,https://api.lever.co/v0/postings/loadsmart?mode=json,open-apply-jobs,2025-08-04,2026-06-25,1065,,,
Lochgroup,lochgroup,https://jobs.lever.co/lochgroup,https://api.lever.co/v0/postings/lochgroup?mode=json,open-apply-jobs,2021-05-20,2026-06-22,2084,,,
Lodgify,lodgify,https://jobs.lever.co/lodgify,https://api.lever.co/v0/postings/lodgify?mode=json,open-apply-jobs,2023-03-28,2026-06-11,1239,,,
Loftorbital,loftorbital,https://jobs.lever.co/loftorbital,https://api.lever.co/v0/postings/loftorbital?mode=json,open-apply-jobs,2022-08-02,2026-06-24,4246,,,
Logrocket,logrocket,https://jobs.lever.co/logrocket,https://api.lever.co/v0/postings/logrocket?mode=json,open-apply-jobs,2021-01-08,2026-05-29,466,,,
Logz,logz,https://jobs.lever.co/logz,https://api.lever.co/v0/postings/logz?mode=json,open-apply-jobs,2026-01-28,2026-06-23,208,,,
Longtail Ai,longtail-ai,https://jobs.lever.co/longtail-ai,https://api.lever.co/v0/postings/longtail-ai?mode=json,open-apply-jobs,2026-03-11,2026-04-07,77,,,
Longwall,longwall,https://jobs.lever.co/longwall,https://api.lever.co/v0/postings/longwall?mode=json,open-apply-jobs,2021-07-16,2026-06-25,938,,,
Loop Ai,loop ai,https://jobs.lever.co/loop ai,https://api.lever.co/v0/postings/loop ai?mode=json,open-apply-jobs,2025-08-26,2026-06-27,2057,,,
Loopreturns,loopreturns,https://jobs.lever.co/loopreturns,https://api.lever.co/v0/postings/loopreturns?mode=json,open-apply-jobs,2026-01-09,2026-06-26,494,,,
Lovepop,lovepop,https://jobs.lever.co/lovepop,https://api.lever.co/v0/postings/lovepop?mode=json,open-apply-jobs,2025-10-20,2026-06-09,372,,,
Lsaweb,lsaweb,https://jobs.lever.co/lsaweb,https://api.lever.co/v0/postings/lsaweb?mode=json,open-apply-jobs,2018-03-28,2026-06-23,14958,,,
Ltaresearch,ltaresearch,https://jobs.lever.co/ltaresearch,https://api.lever.co/v0/postings/ltaresearch?mode=json,open-apply-jobs,2025-01-18,2026-06-17,666,,,
Lucasmuseum,lucasmuseum,https://jobs.lever.co/lucasmuseum,https://api.lever.co/v0/postings/lucasmuseum?mode=json,open-apply-jobs,2024-07-25,2026-06-23,906,,,
Lucidworks,lucidworks,https://jobs.lever.co/lucidworks,https://api.lever.co/v0/postings/lucidworks?mode=json,open-apply-jobs,2025-07-07,2026-04-03,264,,,
Lumafield,lumafield,https://jobs.lever.co/lumafield,https://api.lever.co/v0/postings/lumafield?mode=json,open-apply-jobs,2026-02-19,2026-06-11,984,,,
Luminary Labs,luminary-labs,https://jobs.lever.co/luminary-labs,https://api.lever.co/v0/postings/luminary-labs?mode=json,open-apply-jobs,2018-09-10,2020-02-05,256,,,
Lumindigital,lumindigital,https://jobs.lever.co/lumindigital,https://api.lever.co/v0/postings/lumindigital?mode=json,open-apply-jobs,2025-07-10,2026-06-22,1054,,,
Lumiq Learn,lumiq-learn,https://jobs.lever.co/lumiq-learn,https://api.lever.co/v0/postings/lumiq-learn?mode=json,open-apply-jobs,2026-01-15,2026-06-19,227,,,
Lumotive,lumotive,https://jobs.lever.co/lumotive,https://api.lever.co/v0/postings/lumotive?mode=json,open-apply-jobs,2025-04-22,2026-06-05,499,,,
Lunaphysicaltherapy,lunaphysicaltherapy,https://jobs.lever.co/lunaphysicaltherapy,https://api.lever.co/v0/postings/lunaphysicaltherapy?mode=json,open-apply-jobs,2023-06-13,2026-06-25,5669,,,
Luumlash,luumlash,https://jobs.lever.co/luumlash,https://api.lever.co/v0/postings/luumlash?mode=json,open-apply-jobs,2025-06-23,2026-05-11,205,,,
Luxurypresence,luxurypresence,https://jobs.lever.co/luxurypresence,https://api.lever.co/v0/postings/luxurypresence?mode=json,open-apply-jobs,2019-01-18,2026-06-23,2526,,,
Lvs1,lvs1,https://jobs.lever.co/lvs1,https://api.lever.co/v0/postings/lvs1?mode=json,open-apply-jobs,2025-01-20,2026-06-26,2103,,,
Lwolf,lwolf,https://jobs.lever.co/lwolf,https://api.lever.co/v0/postings/lwolf?mode=json,open-apply-jobs,2025-05-21,2026-06-26,621,,,
Lyrahealth,lyrahealth,https://jobs.lever.co/lyrahealth,https://api.lever.co/v0/postings/lyrahealth?mode=json,open-apply-jobs,2020-09-15,2026-06-26,27586,,,
Lyterian,lyterian,https://jobs.lever.co/lyterian,https://api.lever.co/v0/postings/lyterian?mode=json,open-apply-jobs,2026-03-05,2026-03-05,53,,,
Mable,mable,https://jobs.lever.co/mable,https://api.lever.co/v0/postings/mable?mode=json,open-apply-jobs,2024-09-18,2026-06-22,1133,,,
Mactores,mactores,https://jobs.lever.co/mactores,https://api.lever.co/v0/postings/mactores?mode=json,open-apply-jobs,2021-02-22,2026-06-22,1366,,,
Madhappy,madhappy,https://jobs.lever.co/madhappy,https://api.lever.co/v0/postings/madhappy?mode=json,open-apply-jobs,2025-07-22,2026-06-23,1054,,,
Magicalbeginningslc,magicalbeginningslc,https://jobs.lever.co/magicalbeginningslc,https://api.lever.co/v0/postings/magicalbeginningslc?mode=json,open-apply-jobs,2025-02-21,2026-06-22,2742,,,
Magnetforensics,magnetforensics,https://jobs.lever.co/magnetforensics,https://api.lever.co/v0/postings/magnetforensics?mode=json,open-apply-jobs,2021-04-08,2026-06-26,2490,,,
Magnify,magnify,https://jobs.lever.co/magnify,https://api.lever.co/v0/postings/magnify?mode=json,open-apply-jobs,2025-06-06,2025-12-01,192,,,
Magnopus,magnopus,https://jobs.lever.co/magnopus,https://api.lever.co/v0/postings/magnopus?mode=json,open-apply-jobs,2026-04-16,2026-06-04,201,,,
Mahmee,mahmee,https://jobs.lever.co/mahmee,https://api.lever.co/v0/postings/mahmee?mode=json,open-apply-jobs,2024-01-10,2025-11-06,397,,,
Mainspringenergy,mainspringenergy,https://jobs.lever.co/mainspringenergy,https://api.lever.co/v0/postings/mainspringenergy?mode=json,open-apply-jobs,2025-03-05,2026-06-25,3533,,,
Make Rain,make-rain,https://jobs.lever.co/make-rain,https://api.lever.co/v0/postings/make-rain?mode=json,open-apply-jobs,2024-05-28,2026-06-25,1127,,,
Makpar,makpar,https://jobs.lever.co/makpar,https://api.lever.co/v0/postings/makpar?mode=json,open-apply-jobs,2023-09-28,2026-06-11,309,,,
Malbongolf,malbongolf,https://jobs.lever.co/malbongolf,https://api.lever.co/v0/postings/malbongolf?mode=json,open-apply-jobs,2025-10-09,2026-03-03,328,,,
Malt,malt,https://jobs.lever.co/malt,https://api.lever.co/v0/postings/malt?mode=json,open-apply-jobs,2019-05-24,2026-06-22,2865,,,
Mamamoney,mamamoney,https://jobs.lever.co/mamamoney,https://api.lever.co/v0/postings/mamamoney?mode=json,open-apply-jobs,2024-12-02,2026-06-26,544,,,
Mammothbiosci,mammothbiosci,https://jobs.lever.co/mammothbiosci,https://api.lever.co/v0/postings/mammothbiosci?mode=json,open-apply-jobs,2026-04-16,2026-04-16,116,,,
Manaycpa.Com,manaycpa.com,https://jobs.lever.co/manaycpa.com,https://api.lever.co/v0/postings/manaycpa.com?mode=json,open-apply-jobs,2026-03-09,2026-06-26,1005,,,
Mangolanguage,mangolanguage,https://jobs.lever.co/mangolanguage,https://api.lever.co/v0/postings/mangolanguage?mode=json,open-apply-jobs,2017-02-08,2026-05-15,143,,,
Manifestmedex,manifestmedex,https://jobs.lever.co/manifestmedex,https://api.lever.co/v0/postings/manifestmedex?mode=json,open-apply-jobs,2026-03-18,2026-03-18,13,,,
Mantisinnovation,mantisinnovation,https://jobs.lever.co/mantisinnovation,https://api.lever.co/v0/postings/mantisinnovation?mode=json,open-apply-jobs,2026-01-06,2026-06-26,2674,,,
Maple Finance,maple-finance,https://jobs.lever.co/maple-finance,https://api.lever.co/v0/postings/maple-finance?mode=json,open-apply-jobs,2026-03-22,2026-03-22,16,,,
Maquettevirtuelle,maquettevirtuelle,https://jobs.lever.co/maquettevirtuelle,https://api.lever.co/v0/postings/maquettevirtuelle?mode=json,open-apply-jobs,2025-09-09,2026-06-17,533,,,
Marcopolo,marcopolo,https://jobs.lever.co/marcopolo,https://api.lever.co/v0/postings/marcopolo?mode=json,open-apply-jobs,2023-05-24,2026-04-03,102,,,
Marcusmillichap,marcusmillichap,https://jobs.lever.co/marcusmillichap,https://api.lever.co/v0/postings/marcusmillichap?mode=json,open-apply-jobs,2022-08-22,2026-06-09,9196,,,
Margo Group,margo-group,https://jobs.lever.co/margo-group,https://api.lever.co/v0/postings/margo-group?mode=json,open-apply-jobs,2019-05-15,2026-06-24,5084,,,
Marigoldhealth,marigoldhealth,https://jobs.lever.co/marigoldhealth,https://api.lever.co/v0/postings/marigoldhealth?mode=json,open-apply-jobs,2020-09-16,2026-06-24,154,,,
Marketer Hire,marketer-hire,https://jobs.lever.co/marketer-hire,https://api.lever.co/v0/postings/marketer-hire?mode=json,open-apply-jobs,2025-06-09,2025-06-09,64,,,
Marquetteassociates,marquetteassociates,https://jobs.lever.co/marquetteassociates,https://api.lever.co/v0/postings/marquetteassociates?mode=json,open-apply-jobs,2023-02-07,2026-04-01,248,,,
Marshallreddick,marshallreddick,https://jobs.lever.co/marshallreddick,https://api.lever.co/v0/postings/marshallreddick?mode=json,open-apply-jobs,2026-01-12,2026-06-26,719,,,
Mashgin,mashgin,https://jobs.lever.co/mashgin,https://api.lever.co/v0/postings/mashgin?mode=json,open-apply-jobs,2023-01-02,2026-06-08,1229,,,
Massive Rocket,massive-rocket,https://jobs.lever.co/massive-rocket,https://api.lever.co/v0/postings/massive-rocket?mode=json,open-apply-jobs,2025-10-15,2026-06-23,596,,,
Massschoolbuildings,massschoolbuildings,https://jobs.lever.co/massschoolbuildings,https://api.lever.co/v0/postings/massschoolbuildings?mode=json,open-apply-jobs,2025-10-28,2026-06-17,395,,,
Masterborn,masterborn-2,https://jobs.lever.co/masterborn-2,https://api.lever.co/v0/postings/masterborn-2?mode=json,open-apply-jobs,2026-03-23,2026-06-23,483,,,
Masterycharter,masterycharter,https://jobs.lever.co/masterycharter,https://api.lever.co/v0/postings/masterycharter?mode=json,open-apply-jobs,2019-09-01,2026-06-25,4898,,,
Matchgroup,matchgroup,https://jobs.lever.co/matchgroup,https://api.lever.co/v0/postings/matchgroup?mode=json,open-apply-jobs,2023-08-21,2026-06-26,5660,,,
Matillion,matillion,https://jobs.lever.co/matillion,https://api.lever.co/v0/postings/matillion?mode=json,open-apply-jobs,2025-03-06,2026-06-26,1299,,,
Matrixpartners,matrixpartners,https://jobs.lever.co/matrixpartners,https://api.lever.co/v0/postings/matrixpartners?mode=json,open-apply-jobs,2020-08-03,2020-08-03,27,,,
Maverickx,maverickx,https://jobs.lever.co/maverickx,https://api.lever.co/v0/postings/maverickx?mode=json,open-apply-jobs,2025-11-11,2026-06-24,167,,,
Max Retail,max-retail,https://jobs.lever.co/max-retail,https://api.lever.co/v0/postings/max-retail?mode=json,open-apply-jobs,2025-01-10,2026-06-19,174,,,
Mbrdna,mbrdna,https://jobs.lever.co/mbrdna,https://api.lever.co/v0/postings/mbrdna?mode=json,open-apply-jobs,2025-12-19,2026-06-17,311,,,
Mcaconnect,mcaconnect,https://jobs.lever.co/mcaconnect,https://api.lever.co/v0/postings/mcaconnect?mode=json,open-apply-jobs,2026-01-05,2026-06-22,465,,,
Mcchrystalgroup,mcchrystalgroup,https://jobs.lever.co/mcchrystalgroup,https://api.lever.co/v0/postings/mcchrystalgroup?mode=json,open-apply-jobs,2019-12-06,2026-06-16,265,,,
Mcgovern,mcgovern,https://jobs.lever.co/mcgovern,https://api.lever.co/v0/postings/mcgovern?mode=json,open-apply-jobs,2021-04-01,2026-06-11,255,,,
Mechanicalorchard,mechanicalorchard,https://jobs.lever.co/mechanicalorchard,https://api.lever.co/v0/postings/mechanicalorchard?mode=json,open-apply-jobs,2025-04-04,2026-06-26,642,,,
Medcarepediatric,medcarepediatric,https://jobs.lever.co/medcarepediatric,https://api.lever.co/v0/postings/medcarepediatric?mode=json,open-apply-jobs,2026-03-26,2026-06-24,3484,,,
Medi.Ci,medi.ci,https://jobs.lever.co/medi.ci,https://api.lever.co/v0/postings/medi.ci?mode=json,open-apply-jobs,2025-06-18,2026-06-26,521,,,
Mediagenix,mediagenix,https://jobs.lever.co/mediagenix,https://api.lever.co/v0/postings/mediagenix?mode=json,open-apply-jobs,2019-03-14,2026-03-24,84,,,
Mednow,mednow,https://jobs.lever.co/mednow,https://api.lever.co/v0/postings/mednow?mode=json,open-apply-jobs,2026-02-28,2026-05-14,128,,,
Medrhythms,medrhythms,https://jobs.lever.co/medrhythms,https://api.lever.co/v0/postings/medrhythms?mode=json,open-apply-jobs,2021-12-09,2026-04-06,474,,,
Meds,meds,https://jobs.lever.co/meds,https://api.lever.co/v0/postings/meds?mode=json,open-apply-jobs,2025-05-01,2026-06-25,378,,,
Meesho,meesho,https://jobs.lever.co/meesho,https://api.lever.co/v0/postings/meesho?mode=json,open-apply-jobs,2023-11-10,2026-06-18,3117,,,
Megaport,megaport,https://jobs.lever.co/megaport,https://api.lever.co/v0/postings/megaport?mode=json,open-apply-jobs,2025-11-05,2026-06-25,1795,,,
Meili,meili,https://jobs.lever.co/meili,https://api.lever.co/v0/postings/meili?mode=json,open-apply-jobs,2021-07-21,2021-07-21,64,,,
Melitagroup,melitagroup,https://jobs.lever.co/melitagroup,https://api.lever.co/v0/postings/melitagroup?mode=json,open-apply-jobs,2025-09-16,2026-05-31,138,,,
Mendix,mendix,https://jobs.lever.co/mendix,https://api.lever.co/v0/postings/mendix?mode=json,open-apply-jobs,2024-01-22,2026-06-24,1287,,,
Menlovc,menlovc,https://jobs.lever.co/menlovc,https://api.lever.co/v0/postings/menlovc?mode=json,open-apply-jobs,2025-01-21,2025-07-11,192,,,
Menta,menta,https://jobs.lever.co/menta,https://api.lever.co/v0/postings/menta?mode=json,open-apply-jobs,2020-02-19,2026-06-22,13203,,,
Merklescience,merklescience,https://jobs.lever.co/merklescience,https://api.lever.co/v0/postings/merklescience?mode=json,open-apply-jobs,2022-05-12,2026-06-16,1264,,,
Merlinlabs,merlinlabs,https://jobs.lever.co/merlinlabs,https://api.lever.co/v0/postings/merlinlabs?mode=json,open-apply-jobs,2022-06-08,2026-06-25,1665,,,
Metabase,metabase,https://jobs.lever.co/metabase,https://api.lever.co/v0/postings/metabase?mode=json,open-apply-jobs,2020-05-11,2026-06-08,1048,,,
Metasite,metasite,https://jobs.lever.co/metasite,https://api.lever.co/v0/postings/metasite?mode=json,open-apply-jobs,2023-10-26,2026-06-03,220,,,
Metawealth,metawealth,https://jobs.lever.co/metawealth,https://api.lever.co/v0/postings/metawealth?mode=json,open-apply-jobs,2025-03-12,2025-07-03,128,,,
Metergysolutions,metergysolutions,https://jobs.lever.co/metergysolutions,https://api.lever.co/v0/postings/metergysolutions?mode=json,open-apply-jobs,2025-04-07,2026-06-22,1036,,,
Metopera,metopera,https://jobs.lever.co/metopera,https://api.lever.co/v0/postings/metopera?mode=json,open-apply-jobs,2023-08-24,2026-06-26,664,,,
Metr,metr,https://jobs.lever.co/metr,https://api.lever.co/v0/postings/metr?mode=json,open-apply-jobs,2023-01-18,2026-03-24,225,,,
Mhnchicago,mhnchicago,https://jobs.lever.co/mhnchicago,https://api.lever.co/v0/postings/mhnchicago?mode=json,open-apply-jobs,2025-11-13,2026-05-27,525,,,
Microventures,microventures,https://jobs.lever.co/microventures,https://api.lever.co/v0/postings/microventures?mode=json,open-apply-jobs,2020-02-07,2026-02-02,896,,,
Microvision,microvision,https://jobs.lever.co/microvision,https://api.lever.co/v0/postings/microvision?mode=json,open-apply-jobs,2025-12-08,2026-06-26,591,,,
Milhouseinc,milhouseinc,https://jobs.lever.co/milhouseinc,https://api.lever.co/v0/postings/milhouseinc?mode=json,open-apply-jobs,2021-05-27,2026-06-23,2556,,,
Milltownpartners,milltownpartners,https://jobs.lever.co/milltownpartners,https://api.lever.co/v0/postings/milltownpartners?mode=json,open-apply-jobs,2020-07-15,2026-05-27,695,,,
Milocredit,milocredit,https://jobs.lever.co/milocredit,https://api.lever.co/v0/postings/milocredit?mode=json,open-apply-jobs,2024-08-14,2025-01-28,128,,,
Mindtickle,mindtickle,https://jobs.lever.co/mindtickle,https://api.lever.co/v0/postings/mindtickle?mode=json,open-apply-jobs,2024-11-14,2026-06-25,1876,,,
Minesense,minesense,https://jobs.lever.co/minesense,https://api.lever.co/v0/postings/minesense?mode=json,open-apply-jobs,2026-01-07,2026-06-23,598,,,
Minted,minted,https://jobs.lever.co/minted,https://api.lever.co/v0/postings/minted?mode=json,open-apply-jobs,2026-01-12,2026-06-16,338,,,
Missioncap,missioncap,https://jobs.lever.co/missioncap,https://api.lever.co/v0/postings/missioncap?mode=json,open-apply-jobs,2021-08-17,2022-08-25,225,,,
Missiongraduates,missiongraduates,https://jobs.lever.co/missiongraduates,https://api.lever.co/v0/postings/missiongraduates?mode=json,open-apply-jobs,2023-10-02,2026-06-17,513,,,
Missionwired,missionwired,https://jobs.lever.co/missionwired,https://api.lever.co/v0/postings/missionwired?mode=json,open-apply-jobs,2019-04-23,2026-06-23,1183,,,
Mistplay,mistplay,https://jobs.lever.co/mistplay,https://api.lever.co/v0/postings/mistplay?mode=json,open-apply-jobs,2025-02-10,2026-06-25,519,,,
Mistral,mistral,https://jobs.lever.co/mistral,https://api.lever.co/v0/postings/mistral?mode=json,open-apply-jobs,2023-07-28,2026-06-26,10321,,,
Miteksystems,miteksystems-2,https://jobs.lever.co/miteksystems-2,https://api.lever.co/v0/postings/miteksystems-2?mode=json,open-apply-jobs,2025-10-13,2026-06-22,373,,,
Mixlab,mixlab,https://jobs.lever.co/mixlab,https://api.lever.co/v0/postings/mixlab?mode=json,open-apply-jobs,2024-08-06,2026-06-19,973,,,
Ml4T,ml4t,https://jobs.lever.co/ml4t,https://api.lever.co/v0/postings/ml4t?mode=json,open-apply-jobs,2018-03-07,2026-06-05,292,,,
Mobile Action,mobile-action,https://jobs.lever.co/mobile-action,https://api.lever.co/v0/postings/mobile-action?mode=json,open-apply-jobs,2024-05-31,2026-04-14,170,,,
Modeln,modeln,https://jobs.lever.co/modeln,https://api.lever.co/v0/postings/modeln?mode=json,open-apply-jobs,2024-11-15,2026-06-19,1211,,,
Modulate,modulate,https://jobs.lever.co/modulate,https://api.lever.co/v0/postings/modulate?mode=json,open-apply-jobs,2022-04-13,2026-06-25,403,,,
Moka.Care,moka.care,https://jobs.lever.co/moka.care,https://api.lever.co/v0/postings/moka.care?mode=json,open-apply-jobs,2025-11-04,2026-06-11,433,,,
Moltenindustries,moltenindustries,https://jobs.lever.co/moltenindustries,https://api.lever.co/v0/postings/moltenindustries?mode=json,open-apply-jobs,2023-02-20,2026-03-17,95,,,
Momenti Inc,momenti-inc,https://jobs.lever.co/momenti-inc,https://api.lever.co/v0/postings/momenti-inc?mode=json,open-apply-jobs,2023-05-08,2023-06-28,896,,,
Momsmeals,momsmeals,https://jobs.lever.co/momsmeals,https://api.lever.co/v0/postings/momsmeals?mode=json,open-apply-jobs,2021-09-21,2026-06-25,2589,,,
Moneyboxapp,moneyboxapp,https://jobs.lever.co/moneyboxapp,https://api.lever.co/v0/postings/moneyboxapp?mode=json,open-apply-jobs,2023-10-11,2026-06-19,882,,,
Moneytree,moneytree,https://jobs.lever.co/moneytree,https://api.lever.co/v0/postings/moneytree?mode=json,open-apply-jobs,2020-06-19,2020-06-19,64,,,
Moo,moo,https://jobs.lever.co/moo,https://api.lever.co/v0/postings/moo?mode=json,open-apply-jobs,2025-12-09,2026-06-25,1776,,,
Moonpay,moonpay,https://jobs.lever.co/moonpay,https://api.lever.co/v0/postings/moonpay?mode=json,open-apply-jobs,2026-01-14,2026-06-19,1371,,,
Moonpig,moonpig,https://jobs.lever.co/moonpig,https://api.lever.co/v0/postings/moonpig?mode=json,open-apply-jobs,2025-11-13,2026-06-24,942,,,
Moonsong Labs,moonsong-labs,https://jobs.lever.co/moonsong-labs,https://api.lever.co/v0/postings/moonsong-labs?mode=json,open-apply-jobs,2025-11-19,2026-03-19,170,,,
Moorecolson,moorecolson,https://jobs.lever.co/moorecolson,https://api.lever.co/v0/postings/moorecolson?mode=json,open-apply-jobs,2025-08-17,2026-06-11,1064,,,
Morningbrew,morningbrew,https://jobs.lever.co/morningbrew,https://api.lever.co/v0/postings/morningbrew?mode=json,open-apply-jobs,2026-02-03,2026-06-19,601,,,
Morningconsult,morningconsult,https://jobs.lever.co/morningconsult,https://api.lever.co/v0/postings/morningconsult?mode=json,open-apply-jobs,2022-06-14,2026-05-07,321,,,
Mrss,mrss,https://jobs.lever.co/mrss,https://api.lever.co/v0/postings/mrss?mode=json,open-apply-jobs,2018-04-20,2026-02-04,77,,,
Msce,msce,https://jobs.lever.co/msce,https://api.lever.co/v0/postings/msce?mode=json,open-apply-jobs,2025-05-23,2026-04-08,368,,,
Mti Inc,mti-inc,https://jobs.lever.co/mti-inc,https://api.lever.co/v0/postings/mti-inc?mode=json,open-apply-jobs,2024-11-04,2026-04-22,242,,,
Mujininc,mujininc,https://jobs.lever.co/mujininc,https://api.lever.co/v0/postings/mujininc?mode=json,open-apply-jobs,2023-02-27,2026-06-26,5189,,,
Mulberry,mulberry,https://jobs.lever.co/mulberry,https://api.lever.co/v0/postings/mulberry?mode=json,open-apply-jobs,2024-10-22,2026-06-25,847,,,
Mulliganfunding,mulliganfunding,https://jobs.lever.co/mulliganfunding,https://api.lever.co/v0/postings/mulliganfunding?mode=json,open-apply-jobs,2025-06-06,2026-06-19,477,,,
Multiplylabs,multiplylabs,https://jobs.lever.co/multiplylabs,https://api.lever.co/v0/postings/multiplylabs?mode=json,open-apply-jobs,2025-10-15,2026-04-29,769,,,
Murgadoautomotive,murgadoautomotive,https://jobs.lever.co/murgadoautomotive,https://api.lever.co/v0/postings/murgadoautomotive?mode=json,open-apply-jobs,2024-03-27,2026-06-25,12640,,,
Musixmatch,musixmatch,https://jobs.lever.co/musixmatch,https://api.lever.co/v0/postings/musixmatch?mode=json,open-apply-jobs,2026-02-24,2026-06-12,266,,,
Muttdata,muttdata,https://jobs.lever.co/muttdata,https://api.lever.co/v0/postings/muttdata?mode=json,open-apply-jobs,2023-03-22,2026-06-26,1018,,,
Myob,myob-2,https://jobs.lever.co/myob-2,https://api.lever.co/v0/postings/myob-2?mode=json,open-apply-jobs,2025-09-30,2026-06-26,2884,,,
Myodetox,myodetox,https://jobs.lever.co/myodetox,https://api.lever.co/v0/postings/myodetox?mode=json,open-apply-jobs,2025-02-19,2026-06-22,3330,,,
Myollie,myollie,https://jobs.lever.co/myollie,https://api.lever.co/v0/postings/myollie?mode=json,open-apply-jobs,2026-01-14,2026-06-12,248,,,
Mypassglobal,mypassglobal,https://jobs.lever.co/mypassglobal,https://api.lever.co/v0/postings/mypassglobal?mode=json,open-apply-jobs,2026-02-23,2026-05-01,154,,,
Mythic Ai.Com,mythic-ai.com,https://jobs.lever.co/mythic-ai.com,https://api.lever.co/v0/postings/mythic-ai.com?mode=json,open-apply-jobs,2025-07-01,2026-05-20,1285,,,
Mytos,mytos,https://jobs.lever.co/mytos,https://api.lever.co/v0/postings/mytos?mode=json,open-apply-jobs,2023-11-30,2026-06-18,465,,,
Myvessel,myvessel,https://jobs.lever.co/myvessel,https://api.lever.co/v0/postings/myvessel?mode=json,open-apply-jobs,2025-10-15,2026-06-01,232,,,
Nahc,nahc,https://jobs.lever.co/nahc,https://api.lever.co/v0/postings/nahc?mode=json,open-apply-jobs,2024-07-09,2026-06-24,2040,,,
Nainnorcal,nainnorcal,https://jobs.lever.co/nainnorcal,https://api.lever.co/v0/postings/nainnorcal?mode=json,open-apply-jobs,2026-01-05,2026-04-20,1216,,,
Nasafcu,nasafcu,https://jobs.lever.co/nasafcu,https://api.lever.co/v0/postings/nasafcu?mode=json,open-apply-jobs,2025-10-03,2026-06-24,537,,,
Neighbor,neighbor,https://jobs.lever.co/neighbor,https://api.lever.co/v0/postings/neighbor?mode=json,open-apply-jobs,2020-02-12,2026-06-04,390,,,
Nelly,nelly,https://jobs.lever.co/nelly,https://api.lever.co/v0/postings/nelly?mode=json,open-apply-jobs,2023-07-11,2026-01-08,520,,,
Neon,neon,https://jobs.lever.co/neon,https://api.lever.co/v0/postings/neon?mode=json,open-apply-jobs,2022-11-01,2026-06-26,862,,,
Neowiz,neowiz,https://jobs.lever.co/neowiz,https://api.lever.co/v0/postings/neowiz?mode=json,open-apply-jobs,2022-03-08,2026-06-22,2283,,,
Netlight,netlight,https://jobs.lever.co/netlight,https://api.lever.co/v0/postings/netlight?mode=json,open-apply-jobs,2018-03-24,2026-06-26,2147,,,
Netomi,netomi,https://jobs.lever.co/netomi,https://api.lever.co/v0/postings/netomi?mode=json,open-apply-jobs,2025-01-21,2026-06-26,2228,,,
Nevados,nevados,https://jobs.lever.co/nevados,https://api.lever.co/v0/postings/nevados?mode=json,open-apply-jobs,2026-04-13,2026-04-16,71,,,
Newton,newton,https://jobs.lever.co/newton,https://api.lever.co/v0/postings/newton?mode=json,open-apply-jobs,2024-06-03,2026-03-26,192,,,
Newwestern,newwestern,https://jobs.lever.co/newwestern,https://api.lever.co/v0/postings/newwestern?mode=json,open-apply-jobs,2017-11-16,2025-01-03,3444,,,
Newwesterncorporate,newwesterncorporate,https://jobs.lever.co/newwesterncorporate,https://api.lever.co/v0/postings/newwesterncorporate?mode=json,open-apply-jobs,2025-09-23,2026-05-28,252,,,
Nexos,nexos,https://jobs.lever.co/nexos,https://api.lever.co/v0/postings/nexos?mode=json,open-apply-jobs,2026-01-13,2026-05-11,1016,,,
Next Decade,next-decade,https://jobs.lever.co/next-decade,https://api.lever.co/v0/postings/next-decade?mode=json,open-apply-jobs,2025-02-25,2026-06-23,2444,,,
Next Health,next-health,https://jobs.lever.co/next-health,https://api.lever.co/v0/postings/next-health?mode=json,open-apply-jobs,2021-02-05,2026-06-09,1525,,,
Nextech,nextech,https://jobs.lever.co/nextech,https://api.lever.co/v0/postings/nextech?mode=json,open-apply-jobs,2024-02-22,2026-06-25,889,,,
Nextgenfed,nextgenfed,https://jobs.lever.co/nextgenfed,https://api.lever.co/v0/postings/nextgenfed?mode=json,open-apply-jobs,2025-03-13,2026-06-26,2207,,,
Nexthreat.Com,nexthreat.com,https://jobs.lever.co/nexthreat.com,https://api.lever.co/v0/postings/nexthreat.com?mode=json,open-apply-jobs,2023-08-11,2026-02-26,2646,,,
Nexuse Group,nexuse-group,https://jobs.lever.co/nexuse-group,https://api.lever.co/v0/postings/nexuse-group?mode=json,open-apply-jobs,2024-06-29,2026-06-12,1343,,,
Nfq,nfq,https://jobs.lever.co/nfq,https://api.lever.co/v0/postings/nfq?mode=json,open-apply-jobs,2019-07-15,2026-06-15,875,,,
Niagenbioscience,niagenbioscience,https://jobs.lever.co/niagenbioscience,https://api.lever.co/v0/postings/niagenbioscience?mode=json,open-apply-jobs,2026-02-18,2026-05-05,149,,,
Nibiru,nibiru,https://jobs.lever.co/nibiru,https://api.lever.co/v0/postings/nibiru?mode=json,open-apply-jobs,2024-02-02,2025-06-30,512,,,
Nicmap,nicmap,https://jobs.lever.co/nicmap,https://api.lever.co/v0/postings/nicmap?mode=json,open-apply-jobs,2026-03-13,2026-04-09,108,,,
Nimblerx,nimblerx,https://jobs.lever.co/nimblerx,https://api.lever.co/v0/postings/nimblerx?mode=json,open-apply-jobs,2021-11-10,2026-06-15,1099,,,
Nimbus,nimbus,https://jobs.lever.co/nimbus,https://api.lever.co/v0/postings/nimbus?mode=json,open-apply-jobs,2026-04-01,2026-06-22,159,,,
Ninjavan,ninjavan,https://jobs.lever.co/ninjavan,https://api.lever.co/v0/postings/ninjavan?mode=json,open-apply-jobs,2019-03-06,2026-06-27,10380,,,
Nitra,nitra,https://jobs.lever.co/nitra,https://api.lever.co/v0/postings/nitra?mode=json,open-apply-jobs,2021-12-22,2026-06-17,3784,,,
Nium,nium,https://jobs.lever.co/nium,https://api.lever.co/v0/postings/nium?mode=json,open-apply-jobs,2025-05-23,2026-06-26,4306,,,
Njstateofficeofinnovation,njstateofficeofinnovation,https://jobs.lever.co/njstateofficeofinnovation,https://api.lever.co/v0/postings/njstateofficeofinnovation?mode=json,open-apply-jobs,2024-05-09,2026-05-07,270,,,
Nobody,nobody,https://jobs.lever.co/nobody,https://api.lever.co/v0/postings/nobody?mode=json,open-apply-jobs,2026-04-15,2026-04-15,64,,,
Nobullproject,nobullproject,https://jobs.lever.co/nobullproject,https://api.lever.co/v0/postings/nobullproject?mode=json,open-apply-jobs,2026-01-22,2026-04-12,180,,,
Noibutechnologies,noibutechnologies,https://jobs.lever.co/noibutechnologies,https://api.lever.co/v0/postings/noibutechnologies?mode=json,open-apply-jobs,2022-01-19,2026-06-22,380,,,
Nolapublicschools,nolapublicschools,https://jobs.lever.co/nolapublicschools,https://api.lever.co/v0/postings/nolapublicschools?mode=json,open-apply-jobs,2023-10-04,2026-06-25,1139,,,
Nomadmktg,nomadmktg,https://jobs.lever.co/nomadmktg,https://api.lever.co/v0/postings/nomadmktg?mode=json,open-apply-jobs,2024-06-12,2024-06-12,64,,,
Nomihealth,nomihealth,https://jobs.lever.co/nomihealth,https://api.lever.co/v0/postings/nomihealth?mode=json,open-apply-jobs,2021-07-29,2026-05-21,237,,,
Noodle,noodle,https://jobs.lever.co/noodle,https://api.lever.co/v0/postings/noodle?mode=json,open-apply-jobs,2026-03-17,2026-06-23,265,,,
Nordsec,nordsec,https://jobs.lever.co/nordsec,https://api.lever.co/v0/postings/nordsec?mode=json,open-apply-jobs,2025-10-21,2026-05-21,6648,,,
Novaspace,novaspace,https://jobs.lever.co/novaspace,https://api.lever.co/v0/postings/novaspace?mode=json,open-apply-jobs,2022-04-01,2026-06-17,1679,,,
Novatalent,novatalent,https://jobs.lever.co/novatalent,https://api.lever.co/v0/postings/novatalent?mode=json,open-apply-jobs,2024-05-09,2025-10-31,1024,,,
Novir,novir,https://jobs.lever.co/novir,https://api.lever.co/v0/postings/novir?mode=json,open-apply-jobs,2022-12-13,2026-06-04,824,,,
Npowermedicine,npowermedicine,https://jobs.lever.co/npowermedicine,https://api.lever.co/v0/postings/npowermedicine?mode=json,open-apply-jobs,2025-10-21,2026-06-25,555,,,
Numeris,numeris,https://jobs.lever.co/numeris,https://api.lever.co/v0/postings/numeris?mode=json,open-apply-jobs,2026-03-24,2026-06-22,148,,,
Nuuds,nuuds,https://jobs.lever.co/nuuds,https://api.lever.co/v0/postings/nuuds?mode=json,open-apply-jobs,2024-12-16,2026-03-27,146,,,
Nuvoair,nuvoair,https://jobs.lever.co/nuvoair,https://api.lever.co/v0/postings/nuvoair?mode=json,open-apply-jobs,2026-02-03,2026-06-24,185,,,
Nxscale,nxscale,https://jobs.lever.co/nxscale,https://api.lever.co/v0/postings/nxscale?mode=json,open-apply-jobs,2025-07-03,2026-01-27,570,,,
O P E N,o-p-e-n,https://jobs.lever.co/o-p-e-n,https://api.lever.co/v0/postings/o-p-e-n?mode=json,open-apply-jobs,2021-08-31,2026-06-24,452,,,
Oaknorth.Ai,oaknorth.ai,https://jobs.lever.co/oaknorth.ai,https://api.lever.co/v0/postings/oaknorth.ai?mode=json,open-apply-jobs,2021-06-08,2026-06-24,2866,,,
Objective,objective,https://jobs.lever.co/objective,https://api.lever.co/v0/postings/objective?mode=json,open-apply-jobs,2024-03-07,2026-06-16,956,,,
Oci,oci,https://jobs.lever.co/oci,https://api.lever.co/v0/postings/oci?mode=json,open-apply-jobs,2025-04-03,2026-04-28,407,,,
Octoenergy,octoenergy,https://jobs.lever.co/octoenergy,https://api.lever.co/v0/postings/octoenergy?mode=json,open-apply-jobs,2019-10-29,2026-06-25,11212,,,
Odaseva,odaseva,https://jobs.lever.co/odaseva,https://api.lever.co/v0/postings/odaseva?mode=json,open-apply-jobs,2025-07-10,2026-06-15,508,,,
Oddin,oddin,https://jobs.lever.co/oddin,https://api.lever.co/v0/postings/oddin?mode=json,open-apply-jobs,2025-03-11,2026-06-26,1761,,,
Offchainlabs,offchainlabs,https://jobs.lever.co/offchainlabs,https://api.lever.co/v0/postings/offchainlabs?mode=json,open-apply-jobs,2021-08-30,2026-06-17,833,,,
Ogury,ogury,https://jobs.lever.co/ogury,https://api.lever.co/v0/postings/ogury?mode=json,open-apply-jobs,2025-03-13,2026-06-17,1115,,,
Okendo,okendo,https://jobs.lever.co/okendo,https://api.lever.co/v0/postings/okendo?mode=json,open-apply-jobs,2021-06-23,2026-06-15,845,,,
Oktopost,oktopost,https://jobs.lever.co/oktopost,https://api.lever.co/v0/postings/oktopost?mode=json,open-apply-jobs,2022-05-12,2026-04-20,473,,,
Oleria Security,oleria-security,https://jobs.lever.co/oleria-security,https://api.lever.co/v0/postings/oleria-security?mode=json,open-apply-jobs,2025-05-01,2026-04-23,403,,,
Olo,olo,https://jobs.lever.co/olo,https://api.lever.co/v0/postings/olo?mode=json,open-apply-jobs,2023-06-07,2026-06-26,768,,,
Omnidesigntech,omnidesigntech,https://jobs.lever.co/omnidesigntech,https://api.lever.co/v0/postings/omnidesigntech?mode=json,open-apply-jobs,2018-05-17,2026-05-01,3354,,,
Omnidian,omnidian,https://jobs.lever.co/omnidian,https://api.lever.co/v0/postings/omnidian?mode=json,open-apply-jobs,2024-10-03,2026-06-17,801,,,
Omnisend,omnisend,https://jobs.lever.co/omnisend,https://api.lever.co/v0/postings/omnisend?mode=json,open-apply-jobs,2025-01-23,2026-06-25,1043,,,
Onceuponafarm,onceuponafarm,https://jobs.lever.co/onceuponafarm,https://api.lever.co/v0/postings/onceuponafarm?mode=json,open-apply-jobs,2022-11-04,2026-06-26,120,,,
Oneimpression,oneimpression,https://jobs.lever.co/oneimpression,https://api.lever.co/v0/postings/oneimpression?mode=json,open-apply-jobs,2025-03-21,2026-06-20,287,,,
Onit,onit,https://jobs.lever.co/onit,https://api.lever.co/v0/postings/onit?mode=json,open-apply-jobs,2025-12-18,2026-06-26,375,,,
Oomnitza,oomnitza,https://jobs.lever.co/oomnitza,https://api.lever.co/v0/postings/oomnitza?mode=json,open-apply-jobs,2026-03-13,2026-04-09,103,,,
Oowlish,oowlish,https://jobs.lever.co/oowlish,https://api.lever.co/v0/postings/oowlish?mode=json,open-apply-jobs,2025-11-20,2026-06-26,1029,,,
Openx,openx,https://jobs.lever.co/openx,https://api.lever.co/v0/postings/openx?mode=json,open-apply-jobs,2026-02-10,2026-06-08,982,,,
Optionmetrics,optionmetrics,https://jobs.lever.co/optionmetrics,https://api.lever.co/v0/postings/optionmetrics?mode=json,open-apply-jobs,2023-05-03,2025-07-08,153,,,
Orbaerospace,orbaerospace,https://jobs.lever.co/orbaerospace,https://api.lever.co/v0/postings/orbaerospace?mode=json,open-apply-jobs,2023-04-25,2026-01-21,820,,,
Orcabiosystems,orcabiosystems,https://jobs.lever.co/orcabiosystems,https://api.lever.co/v0/postings/orcabiosystems?mode=json,open-apply-jobs,2022-05-12,2026-06-15,2277,,,
Osaro,osaro,https://jobs.lever.co/osaro,https://api.lever.co/v0/postings/osaro?mode=json,open-apply-jobs,2019-03-13,2025-01-23,558,,,
Osedea,osedea,https://jobs.lever.co/osedea,https://api.lever.co/v0/postings/osedea?mode=json,open-apply-jobs,2023-08-21,2026-05-12,1242,,,
Otilumionics,otilumionics,https://jobs.lever.co/otilumionics,https://api.lever.co/v0/postings/otilumionics?mode=json,open-apply-jobs,2026-01-09,2026-05-27,326,,,
Ou Education Services,ou-education-services,https://jobs.lever.co/ou-education-services,https://api.lever.co/v0/postings/ou-education-services?mode=json,open-apply-jobs,2025-06-13,2026-06-12,210,,,
Our Place,our-place,https://jobs.lever.co/our-place,https://api.lever.co/v0/postings/our-place?mode=json,open-apply-jobs,2024-01-01,2026-06-24,125,,,
Outpacebio,outpacebio,https://jobs.lever.co/outpacebio,https://api.lever.co/v0/postings/outpacebio?mode=json,open-apply-jobs,2025-11-03,2026-05-08,89,,,
Outreach,outreach,https://jobs.lever.co/outreach,https://api.lever.co/v0/postings/outreach?mode=json,open-apply-jobs,2024-05-31,2026-06-25,2120,,,
Outsight,outsight,https://jobs.lever.co/outsight,https://api.lever.co/v0/postings/outsight?mode=json,open-apply-jobs,2020-12-15,2026-06-12,1016,,,
Outsourcedstaff,outsourcedstaff,https://jobs.lever.co/outsourcedstaff,https://api.lever.co/v0/postings/outsourcedstaff?mode=json,open-apply-jobs,2021-10-07,2026-06-24,1042,,,
Overmind,overmind,https://jobs.lever.co/overmind,https://api.lever.co/v0/postings/overmind?mode=json,open-apply-jobs,2022-10-08,2023-06-29,81,,,
Oxylabs,oxylabs,https://jobs.lever.co/oxylabs,https://api.lever.co/v0/postings/oxylabs?mode=json,open-apply-jobs,2025-10-20,2026-06-26,2762,,,
P3Vetpartners,p3vetpartners,https://jobs.lever.co/p3vetpartners,https://api.lever.co/v0/postings/p3vetpartners?mode=json,open-apply-jobs,2022-12-23,2026-06-18,3702,,,
Pacific Environment,pacific-environment,https://jobs.lever.co/pacific-environment,https://api.lever.co/v0/postings/pacific-environment?mode=json,open-apply-jobs,2026-03-03,2026-06-02,106,,,
Pacificoenergy,pacificoenergy,https://jobs.lever.co/pacificoenergy,https://api.lever.co/v0/postings/pacificoenergy?mode=json,open-apply-jobs,2024-11-08,2026-06-22,154,,,
Packagex,packagex,https://jobs.lever.co/packagex,https://api.lever.co/v0/postings/packagex?mode=json,open-apply-jobs,2026-04-03,2026-04-28,91,,,
Padsplit,padsplit,https://jobs.lever.co/padsplit,https://api.lever.co/v0/postings/padsplit?mode=json,open-apply-jobs,2025-11-06,2026-06-26,847,,,
Palantir,palantir,https://jobs.lever.co/palantir,https://api.lever.co/v0/postings/palantir?mode=json,open-apply-jobs,2009-12-05,2026-06-26,14905,,,
Panopto,panopto,https://jobs.lever.co/panopto,https://api.lever.co/v0/postings/panopto?mode=json,open-apply-jobs,2025-02-20,2026-06-18,932,,,
Paralleldomain,paralleldomain,https://jobs.lever.co/paralleldomain,https://api.lever.co/v0/postings/paralleldomain?mode=json,open-apply-jobs,2026-01-12,2026-05-26,366,,,
Parallelwireless,parallelwireless,https://jobs.lever.co/parallelwireless,https://api.lever.co/v0/postings/parallelwireless?mode=json,open-apply-jobs,2020-03-06,2026-06-17,2204,,,
Paramedicservices,paramedicservices,https://jobs.lever.co/paramedicservices,https://api.lever.co/v0/postings/paramedicservices?mode=json,open-apply-jobs,2024-04-18,2026-06-18,933,,,
Partoo,partoo,https://jobs.lever.co/partoo,https://api.lever.co/v0/postings/partoo?mode=json,open-apply-jobs,2024-10-17,2025-07-23,160,,,
Patchmypc,patchmypc,https://jobs.lever.co/patchmypc,https://api.lever.co/v0/postings/patchmypc?mode=json,open-apply-jobs,2026-02-27,2026-06-24,382,,,
Pathpoint,pathpoint,https://jobs.lever.co/pathpoint,https://api.lever.co/v0/postings/pathpoint?mode=json,open-apply-jobs,2020-02-18,2026-06-16,76,,,
Patsnap,patsnap,https://jobs.lever.co/patsnap,https://api.lever.co/v0/postings/patsnap?mode=json,open-apply-jobs,2025-08-13,2026-06-27,1513,,,
Pattern,pattern,https://jobs.lever.co/pattern,https://api.lever.co/v0/postings/pattern?mode=json,open-apply-jobs,2025-06-26,2026-06-26,6824,,,
Pattern Biosciences,pattern-biosciences,https://jobs.lever.co/pattern-biosciences,https://api.lever.co/v0/postings/pattern-biosciences?mode=json,open-apply-jobs,2025-08-20,2026-01-08,54,,,
Pavementcoffee,pavementcoffee,https://jobs.lever.co/pavementcoffee,https://api.lever.co/v0/postings/pavementcoffee?mode=json,open-apply-jobs,2021-08-01,2022-09-07,384,,,
Payactiv,payactiv,https://jobs.lever.co/payactiv,https://api.lever.co/v0/postings/payactiv?mode=json,open-apply-jobs,2023-09-18,2024-07-18,320,,,
Payjoy,payjoy,https://jobs.lever.co/payjoy,https://api.lever.co/v0/postings/payjoy?mode=json,open-apply-jobs,2023-06-07,2026-06-26,5864,,,
Paytm,paytm,https://jobs.lever.co/paytm,https://api.lever.co/v0/postings/paytm?mode=json,open-apply-jobs,2016-03-16,2026-06-26,12119,,,
Paytmbank,paytmbank,https://jobs.lever.co/paytmbank,https://api.lever.co/v0/postings/paytmbank?mode=json,open-apply-jobs,2025-12-11,2025-12-11,20,,,
Payugpo,payugpo,https://jobs.lever.co/payugpo,https://api.lever.co/v0/postings/payugpo?mode=json,open-apply-jobs,2025-12-04,2026-06-18,1222,,,
Pditechnologies,pditechnologies,https://jobs.lever.co/pditechnologies,https://api.lever.co/v0/postings/pditechnologies?mode=json,open-apply-jobs,2025-06-30,2026-06-15,1576,,,
Peakgames,peakgames,https://jobs.lever.co/peakgames,https://api.lever.co/v0/postings/peakgames?mode=json,open-apply-jobs,2019-01-11,2026-05-07,1289,,,
Peerspace,peerspace,https://jobs.lever.co/peerspace,https://api.lever.co/v0/postings/peerspace?mode=json,open-apply-jobs,2026-03-30,2026-06-10,114,,,
Pelmorex,pelmorex,https://jobs.lever.co/pelmorex,https://api.lever.co/v0/postings/pelmorex?mode=json,open-apply-jobs,2025-03-28,2026-06-25,387,,,
Pendulum,pendulum,https://jobs.lever.co/pendulum,https://api.lever.co/v0/postings/pendulum?mode=json,open-apply-jobs,2019-06-12,2026-06-17,382,,,
Pennylane,pennylane,https://jobs.lever.co/pennylane,https://api.lever.co/v0/postings/pennylane?mode=json,open-apply-jobs,2024-12-23,2026-03-03,969,,,
Penrodsoftware,penrodsoftware,https://jobs.lever.co/penrodsoftware,https://api.lever.co/v0/postings/penrodsoftware?mode=json,open-apply-jobs,2026-01-26,2026-05-01,268,,,
Pentagrp,pentagrp,https://jobs.lever.co/pentagrp,https://api.lever.co/v0/postings/pentagrp?mode=json,open-apply-jobs,2026-04-02,2026-06-23,120,,,
Penumbrainc,penumbrainc,https://jobs.lever.co/penumbrainc,https://api.lever.co/v0/postings/penumbrainc?mode=json,open-apply-jobs,2023-10-18,2026-06-24,4782,,,
People Ai,people-ai,https://jobs.lever.co/people-ai,https://api.lever.co/v0/postings/people-ai?mode=json,open-apply-jobs,2025-04-18,2026-06-25,421,,,
Peoplegrove,peoplegrove,https://jobs.lever.co/peoplegrove,https://api.lever.co/v0/postings/peoplegrove?mode=json,open-apply-jobs,2020-12-10,2026-06-16,436,,,
Percipient,percipient,https://jobs.lever.co/percipient,https://api.lever.co/v0/postings/percipient?mode=json,open-apply-jobs,2019-11-19,2024-12-14,210,,,
Perforce,perforce,https://jobs.lever.co/perforce,https://api.lever.co/v0/postings/perforce?mode=json,open-apply-jobs,2025-01-09,2026-06-26,1382,,,
Perrknight,perrknight,https://jobs.lever.co/perrknight,https://api.lever.co/v0/postings/perrknight?mode=json,open-apply-jobs,2026-01-13,2026-06-22,280,,,
Petvisor,petvisor,https://jobs.lever.co/petvisor,https://api.lever.co/v0/postings/petvisor?mode=json,open-apply-jobs,2024-07-25,2026-06-08,485,,,
Pexa,pexa,https://jobs.lever.co/pexa,https://api.lever.co/v0/postings/pexa?mode=json,open-apply-jobs,2025-05-01,2026-06-15,651,,,
Pibenchmark,pibenchmark,https://jobs.lever.co/pibenchmark,https://api.lever.co/v0/postings/pibenchmark?mode=json,open-apply-jobs,2022-04-07,2026-02-12,339,,,
Piccollage,piccollage,https://jobs.lever.co/piccollage,https://api.lever.co/v0/postings/piccollage?mode=json,open-apply-jobs,2019-09-27,2026-04-08,613,,,
Picklerobot,picklerobot,https://jobs.lever.co/picklerobot,https://api.lever.co/v0/postings/picklerobot?mode=json,open-apply-jobs,2025-02-05,2026-06-16,1017,,,
Picktrace,picktrace,https://jobs.lever.co/picktrace,https://api.lever.co/v0/postings/picktrace?mode=json,open-apply-jobs,2026-04-14,2026-05-20,151,,,
Picus,picus,https://jobs.lever.co/picus,https://api.lever.co/v0/postings/picus?mode=json,open-apply-jobs,2025-11-26,2026-06-09,438,,,
Pigment,pigment,https://jobs.lever.co/pigment,https://api.lever.co/v0/postings/pigment?mode=json,open-apply-jobs,2020-07-01,2026-06-26,5248,,,
Pillarbiosciences,pillarbiosciences,https://jobs.lever.co/pillarbiosciences,https://api.lever.co/v0/postings/pillarbiosciences?mode=json,open-apply-jobs,2020-12-01,2026-05-27,16,,,
Pingwind,pingwind,https://jobs.lever.co/pingwind,https://api.lever.co/v0/postings/pingwind?mode=json,open-apply-jobs,2025-01-22,2026-06-23,4871,,,
Pinkoi,pinkoi,https://jobs.lever.co/pinkoi,https://api.lever.co/v0/postings/pinkoi?mode=json,open-apply-jobs,2023-05-09,2026-04-21,255,,,
Pioneer Services,pioneer-services,https://jobs.lever.co/pioneer-services,https://api.lever.co/v0/postings/pioneer-services?mode=json,open-apply-jobs,2025-08-19,2026-05-28,345,,,
Pipedrive,pipedrive,https://jobs.lever.co/pipedrive,https://api.lever.co/v0/postings/pipedrive?mode=json,open-apply-jobs,2026-01-07,2026-05-27,2120,,,
Piplabs,piplabs,https://jobs.lever.co/piplabs,https://api.lever.co/v0/postings/piplabs?mode=json,open-apply-jobs,2025-11-10,2026-04-30,270,,,
Pison,pison,https://jobs.lever.co/pison,https://api.lever.co/v0/postings/pison?mode=json,open-apply-jobs,2025-06-23,2025-06-23,64,,,
Pivotal,pivotal,https://jobs.lever.co/pivotal,https://api.lever.co/v0/postings/pivotal?mode=json,open-apply-jobs,2023-11-16,2026-06-11,1713,,,
Pivotenergy,pivotenergy,https://jobs.lever.co/pivotenergy,https://api.lever.co/v0/postings/pivotenergy?mode=json,open-apply-jobs,2025-12-11,2026-06-12,626,,,
Placemakr,placemakr,https://jobs.lever.co/placemakr,https://api.lever.co/v0/postings/placemakr?mode=json,open-apply-jobs,2024-11-07,2026-06-23,1072,,,
Placeshowroom.Com,placeshowroom.com,https://jobs.lever.co/placeshowroom.com,https://api.lever.co/v0/postings/placeshowroom.com?mode=json,open-apply-jobs,2025-12-03,2026-05-14,264,,,
Plaid,plaid,https://jobs.lever.co/plaid,https://api.lever.co/v0/postings/plaid?mode=json,open-apply-jobs,2023-09-26,2026-04-28,2018,,,
Planettechnologies,planettechnologies,https://jobs.lever.co/planettechnologies,https://api.lever.co/v0/postings/planettechnologies?mode=json,open-apply-jobs,2025-10-15,2026-06-16,711,,,
Planned,planned,https://jobs.lever.co/planned,https://api.lever.co/v0/postings/planned?mode=json,open-apply-jobs,2025-03-13,2026-06-23,775,,,
Planner5D,planner5d,https://jobs.lever.co/planner5d,https://api.lever.co/v0/postings/planner5d?mode=json,open-apply-jobs,2020-09-25,2026-06-19,946,,,
Playonsports,playonsports,https://jobs.lever.co/playonsports,https://api.lever.co/v0/postings/playonsports?mode=json,open-apply-jobs,2025-10-07,2026-06-26,1012,,,
Playplay,playplay,https://jobs.lever.co/playplay,https://api.lever.co/v0/postings/playplay?mode=json,open-apply-jobs,2019-10-24,2026-06-17,375,,,
Plenti,plenti,https://jobs.lever.co/plenti,https://api.lever.co/v0/postings/plenti?mode=json,open-apply-jobs,2026-01-20,2026-06-26,817,,,
Plexus,plexus,https://jobs.lever.co/plexus,https://api.lever.co/v0/postings/plexus?mode=json,open-apply-jobs,2026-03-03,2026-04-14,54,,,
Plivo,plivo,https://jobs.lever.co/plivo,https://api.lever.co/v0/postings/plivo?mode=json,open-apply-jobs,2026-02-18,2026-02-18,42,,,
Plume,plume,https://jobs.lever.co/plume,https://api.lever.co/v0/postings/plume?mode=json,open-apply-jobs,2022-06-09,2026-06-26,390,,,
Plus,plus-2,https://jobs.lever.co/plus-2,https://api.lever.co/v0/postings/plus-2?mode=json,open-apply-jobs,2019-04-27,2026-06-12,1891,,,
Plusgrade,plusgrade,https://jobs.lever.co/plusgrade,https://api.lever.co/v0/postings/plusgrade?mode=json,open-apply-jobs,2025-07-17,2026-06-22,1352,,,
Pmaconsultants,pmaconsultants,https://jobs.lever.co/pmaconsultants,https://api.lever.co/v0/postings/pmaconsultants?mode=json,open-apply-jobs,2025-02-13,2026-06-26,1994,,,
Pmdsoft,pmdsoft,https://jobs.lever.co/pmdsoft,https://api.lever.co/v0/postings/pmdsoft?mode=json,open-apply-jobs,2026-04-15,2026-04-15,60,,,
Pointb,pointb,https://jobs.lever.co/pointb,https://api.lever.co/v0/postings/pointb?mode=json,open-apply-jobs,2025-06-04,2026-06-22,547,,,
Pointclickcare,pointclickcare,https://jobs.lever.co/pointclickcare,https://api.lever.co/v0/postings/pointclickcare?mode=json,open-apply-jobs,2018-11-01,2026-06-26,4875,,,
Poki,poki,https://jobs.lever.co/poki,https://api.lever.co/v0/postings/poki?mode=json,open-apply-jobs,2024-02-20,2026-01-20,240,,,
Policyme,policyme,https://jobs.lever.co/policyme,https://api.lever.co/v0/postings/policyme?mode=json,open-apply-jobs,2023-05-24,2026-06-19,711,,,
Polleverywhere,polleverywhere,https://jobs.lever.co/polleverywhere,https://api.lever.co/v0/postings/polleverywhere?mode=json,open-apply-jobs,2026-06-16,2026-06-16,12,,,
Popsockets,popsockets,https://jobs.lever.co/popsockets,https://api.lever.co/v0/postings/popsockets?mode=json,open-apply-jobs,2025-08-25,2026-06-11,932,,,
Portagepointpartners,portagepointpartners,https://jobs.lever.co/portagepointpartners,https://api.lever.co/v0/postings/portagepointpartners?mode=json,open-apply-jobs,2020-08-01,2026-06-08,3002,,,
Portcast,portcast,https://jobs.lever.co/portcast,https://api.lever.co/v0/postings/portcast?mode=json,open-apply-jobs,2025-05-26,2026-06-09,355,,,
Porter,porter,https://jobs.lever.co/porter,https://api.lever.co/v0/postings/porter?mode=json,open-apply-jobs,2024-04-20,2026-06-24,1766,,,
Portoro,portoro,https://jobs.lever.co/portoro,https://api.lever.co/v0/postings/portoro?mode=json,open-apply-jobs,2022-11-11,2022-11-11,64,,,
Portpro,portpro,https://jobs.lever.co/portpro,https://api.lever.co/v0/postings/portpro?mode=json,open-apply-jobs,2023-03-14,2026-05-05,352,,,
Postera,postera,https://jobs.lever.co/postera,https://api.lever.co/v0/postings/postera?mode=json,open-apply-jobs,2023-11-03,2026-01-09,127,,,
Pp La,pp-la,https://jobs.lever.co/pp-la,https://api.lever.co/v0/postings/pp-la?mode=json,open-apply-jobs,2024-02-17,2026-06-23,1382,,,
Ppcentralcoast,ppcentralcoast,https://jobs.lever.co/ppcentralcoast,https://api.lever.co/v0/postings/ppcentralcoast?mode=json,open-apply-jobs,2025-10-13,2026-06-26,373,,,
Ppfa,ppfa,https://jobs.lever.co/ppfa,https://api.lever.co/v0/postings/ppfa?mode=json,open-apply-jobs,2025-11-06,2026-06-25,1037,,,
Ppgny,ppgny,https://jobs.lever.co/ppgny,https://api.lever.co/v0/postings/ppgny?mode=json,open-apply-jobs,2025-07-24,2026-06-26,1004,,,
Ppgreatplains,ppgreatplains,https://jobs.lever.co/ppgreatplains,https://api.lever.co/v0/postings/ppgreatplains?mode=json,open-apply-jobs,2026-02-06,2026-06-24,818,,,
Ppil,ppil,https://jobs.lever.co/ppil,https://api.lever.co/v0/postings/ppil?mode=json,open-apply-jobs,2018-07-31,2026-06-24,1305,,,
Pplm,pplm,https://jobs.lever.co/pplm,https://api.lever.co/v0/postings/pplm?mode=json,open-apply-jobs,2025-05-28,2026-06-16,774,,,
Ppmd,ppmd,https://jobs.lever.co/ppmd,https://api.lever.co/v0/postings/ppmd?mode=json,open-apply-jobs,2026-01-08,2026-06-24,411,,,
Ppmi,ppmi,https://jobs.lever.co/ppmi,https://api.lever.co/v0/postings/ppmi?mode=json,open-apply-jobs,2025-11-26,2026-06-26,516,,,
Ppmontana,ppmontana,https://jobs.lever.co/ppmontana,https://api.lever.co/v0/postings/ppmontana?mode=json,open-apply-jobs,2018-03-28,2025-11-11,129,,,
Ppnne,ppnne,https://jobs.lever.co/ppnne,https://api.lever.co/v0/postings/ppnne?mode=json,open-apply-jobs,2025-07-01,2026-06-16,759,,,
Ppro,ppro,https://jobs.lever.co/ppro,https://api.lever.co/v0/postings/ppro?mode=json,open-apply-jobs,2025-12-09,2026-06-19,2002,,,
Ppsat,ppsat,https://jobs.lever.co/ppsat,https://api.lever.co/v0/postings/ppsat?mode=json,open-apply-jobs,2017-10-24,2026-06-24,696,,,
Ppsne,ppsne,https://jobs.lever.co/ppsne,https://api.lever.co/v0/postings/ppsne?mode=json,open-apply-jobs,2025-03-13,2026-06-24,1151,,,
Ppsworegon,ppsworegon,https://jobs.lever.co/ppsworegon,https://api.lever.co/v0/postings/ppsworegon?mode=json,open-apply-jobs,2020-12-17,2020-12-17,64,,,
Ppwi,ppwi,https://jobs.lever.co/ppwi,https://api.lever.co/v0/postings/ppwi?mode=json,open-apply-jobs,2025-07-16,2026-06-15,1265,,,
Precede,precede,https://jobs.lever.co/precede,https://api.lever.co/v0/postings/precede?mode=json,open-apply-jobs,2023-10-04,2026-05-29,240,,,
Prefixbox,prefixbox,https://jobs.lever.co/prefixbox,https://api.lever.co/v0/postings/prefixbox?mode=json,open-apply-jobs,2026-04-08,2026-06-23,49,,,
Premiertruck,premiertruck,https://jobs.lever.co/premiertruck,https://api.lever.co/v0/postings/premiertruck?mode=json,open-apply-jobs,2025-03-06,2026-06-26,5753,,,
Prilenia,prilenia,https://jobs.lever.co/prilenia,https://api.lever.co/v0/postings/prilenia?mode=json,open-apply-jobs,2026-03-12,2026-06-08,132,,,
Primee,primee,https://jobs.lever.co/primee,https://api.lever.co/v0/postings/primee?mode=json,open-apply-jobs,2024-03-11,2026-06-23,2000,,,
Primeexecutiveoffice,primeexecutiveoffice,https://jobs.lever.co/primeexecutiveoffice,https://api.lever.co/v0/postings/primeexecutiveoffice?mode=json,open-apply-jobs,2022-06-29,2026-06-01,285,,,
Princesspolly,princesspolly,https://jobs.lever.co/princesspolly,https://api.lever.co/v0/postings/princesspolly?mode=json,open-apply-jobs,2023-06-13,2026-06-23,3733,,,
Princeton10,princeton10,https://jobs.lever.co/princeton10,https://api.lever.co/v0/postings/princeton10?mode=json,open-apply-jobs,2024-12-31,2026-06-24,801,,,
Print Recruiting,print-recruiting,https://jobs.lever.co/print-recruiting,https://api.lever.co/v0/postings/print-recruiting?mode=json,open-apply-jobs,2024-08-30,2026-06-24,6155,,,
Prismic,prismic,https://jobs.lever.co/prismic,https://api.lever.co/v0/postings/prismic?mode=json,open-apply-jobs,2021-10-26,2026-04-13,413,,,
Prizeout,prizeout,https://jobs.lever.co/prizeout,https://api.lever.co/v0/postings/prizeout?mode=json,open-apply-jobs,2025-11-05,2026-06-18,159,,,
Procept Biorobotics,procept-biorobotics,https://jobs.lever.co/procept-biorobotics,https://api.lever.co/v0/postings/procept-biorobotics?mode=json,open-apply-jobs,2025-01-03,2026-05-06,1973,,,
Productable,productable,https://jobs.lever.co/productable,https://api.lever.co/v0/postings/productable?mode=json,open-apply-jobs,2026-03-30,2026-03-30,64,,,
Productventures,productventures,https://jobs.lever.co/productventures,https://api.lever.co/v0/postings/productventures?mode=json,open-apply-jobs,2023-02-07,2025-12-23,192,,,
Profoundresearch,profoundresearch,https://jobs.lever.co/profoundresearch,https://api.lever.co/v0/postings/profoundresearch?mode=json,open-apply-jobs,2024-03-19,2026-06-22,1089,,,
Project Healthy Minds,project-healthy-minds,https://jobs.lever.co/project-healthy-minds,https://api.lever.co/v0/postings/project-healthy-minds?mode=json,open-apply-jobs,2022-12-05,2026-05-13,719,,,
Projectkittyhawk,projectkittyhawk,https://jobs.lever.co/projectkittyhawk,https://api.lever.co/v0/postings/projectkittyhawk?mode=json,open-apply-jobs,2026-02-10,2026-06-15,200,,,
Prolific Machines,prolific-machines,https://jobs.lever.co/prolific-machines,https://api.lever.co/v0/postings/prolific-machines?mode=json,open-apply-jobs,2026-03-14,2026-06-26,85,,,
Promenade,promenade,https://jobs.lever.co/promenade,https://api.lever.co/v0/postings/promenade?mode=json,open-apply-jobs,2018-11-30,2026-05-28,839,,,
Promesaacademy,promesaacademy,https://jobs.lever.co/promesaacademy,https://api.lever.co/v0/postings/promesaacademy?mode=json,open-apply-jobs,2025-08-12,2026-06-17,547,,,
Prometheanworld,prometheanworld,https://jobs.lever.co/prometheanworld,https://api.lever.co/v0/postings/prometheanworld?mode=json,open-apply-jobs,2026-04-09,2026-06-26,276,,,
Prominentedge,prominentedge,https://jobs.lever.co/prominentedge,https://api.lever.co/v0/postings/prominentedge?mode=json,open-apply-jobs,2019-12-09,2026-05-14,313,,,
Promiserobotics,promiserobotics,https://jobs.lever.co/promiserobotics,https://api.lever.co/v0/postings/promiserobotics?mode=json,open-apply-jobs,2023-11-10,2026-06-17,280,,,
Proof,proof,https://jobs.lever.co/proof,https://api.lever.co/v0/postings/proof?mode=json,open-apply-jobs,2025-12-15,2026-06-24,110,,,
Propelsoftware,propelsoftware,https://jobs.lever.co/propelsoftware,https://api.lever.co/v0/postings/propelsoftware?mode=json,open-apply-jobs,2026-01-31,2026-06-02,477,,,
Proper,proper,https://jobs.lever.co/proper,https://api.lever.co/v0/postings/proper?mode=json,open-apply-jobs,2021-04-08,2026-05-19,1037,,,
Prophethomes,prophethomes,https://jobs.lever.co/prophethomes,https://api.lever.co/v0/postings/prophethomes?mode=json,open-apply-jobs,2024-04-02,2026-05-01,1719,,,
Prosper,prosper,https://jobs.lever.co/prosper,https://api.lever.co/v0/postings/prosper?mode=json,open-apply-jobs,2025-12-03,2026-06-26,889,,,
Protectenvironmental,protectenvironmental,https://jobs.lever.co/protectenvironmental,https://api.lever.co/v0/postings/protectenvironmental?mode=json,open-apply-jobs,2026-03-18,2026-06-12,480,,,
Protective,protective,https://jobs.lever.co/protective,https://api.lever.co/v0/postings/protective?mode=json,open-apply-jobs,2024-02-21,2026-06-24,3292,,,
Protolabs,protolabs,https://jobs.lever.co/protolabs,https://api.lever.co/v0/postings/protolabs?mode=json,open-apply-jobs,2025-05-06,2026-06-26,2754,,,
Protrials,protrials,https://jobs.lever.co/protrials,https://api.lever.co/v0/postings/protrials?mode=json,open-apply-jobs,2025-06-30,2026-05-19,223,,,
Provectus,provectus,https://jobs.lever.co/provectus,https://api.lever.co/v0/postings/provectus?mode=json,open-apply-jobs,2025-01-15,2026-06-19,1760,,,
Provi,provi,https://jobs.lever.co/provi,https://api.lever.co/v0/postings/provi?mode=json,open-apply-jobs,2026-03-06,2026-06-24,20,,,
Pryon,pryon,https://jobs.lever.co/pryon,https://api.lever.co/v0/postings/pryon?mode=json,open-apply-jobs,2024-10-04,2026-03-17,252,,,
Pt78,pt78,https://jobs.lever.co/pt78,https://api.lever.co/v0/postings/pt78?mode=json,open-apply-jobs,2026-01-22,2026-06-26,284,,,
Purchasingplatform,purchasingplatform,https://jobs.lever.co/purchasingplatform,https://api.lever.co/v0/postings/purchasingplatform?mode=json,open-apply-jobs,2026-03-30,2026-06-13,121,,,
Purple Technology,purple-technology,https://jobs.lever.co/purple-technology,https://api.lever.co/v0/postings/purple-technology?mode=json,open-apply-jobs,2021-07-15,2026-06-25,569,,,
Purplelandmgmt,purplelandmgmt,https://jobs.lever.co/purplelandmgmt,https://api.lever.co/v0/postings/purplelandmgmt?mode=json,open-apply-jobs,2019-07-03,2026-06-18,3577,,,
Purvis,purvis,https://jobs.lever.co/purvis,https://api.lever.co/v0/postings/purvis?mode=json,open-apply-jobs,2026-03-16,2026-06-22,414,,,
Pushpress,pushpress,https://jobs.lever.co/pushpress,https://api.lever.co/v0/postings/pushpress?mode=json,open-apply-jobs,2026-01-09,2026-05-21,269,,,
Pushsecurity,pushsecurity,https://jobs.lever.co/pushsecurity,https://api.lever.co/v0/postings/pushsecurity?mode=json,open-apply-jobs,2025-11-03,2026-05-12,57,,,
Pyka,pyka,https://jobs.lever.co/pyka,https://api.lever.co/v0/postings/pyka?mode=json,open-apply-jobs,2025-10-20,2026-06-26,490,,,
Q Ctrl,q-ctrl,https://jobs.lever.co/q-ctrl,https://api.lever.co/v0/postings/q-ctrl?mode=json,open-apply-jobs,2022-09-14,2026-05-28,960,,,
Qloo,qloo,https://jobs.lever.co/qloo,https://api.lever.co/v0/postings/qloo?mode=json,open-apply-jobs,2025-12-16,2026-04-16,214,,,
Qonto,qonto,https://jobs.lever.co/qonto,https://api.lever.co/v0/postings/qonto?mode=json,open-apply-jobs,2017-12-29,2026-06-24,2746,,,
Qrypt,qrypt,https://jobs.lever.co/qrypt,https://api.lever.co/v0/postings/qrypt?mode=json,open-apply-jobs,2026-03-20,2026-03-20,42,,,
Qsic,qsic,https://jobs.lever.co/qsic,https://api.lever.co/v0/postings/qsic?mode=json,open-apply-jobs,2025-07-18,2026-06-10,309,,,
Qualdoc,qualdoc,https://jobs.lever.co/qualdoc,https://api.lever.co/v0/postings/qualdoc?mode=json,open-apply-jobs,2026-03-20,2026-06-26,2364,,,
Qualysoft,qualysoft,https://jobs.lever.co/qualysoft,https://api.lever.co/v0/postings/qualysoft?mode=json,open-apply-jobs,2025-04-23,2026-06-26,5516,,,
Quandri,quandri,https://jobs.lever.co/quandri,https://api.lever.co/v0/postings/quandri?mode=json,open-apply-jobs,2025-06-09,2026-06-27,539,,,
Quantcast,quantcast,https://jobs.lever.co/quantcast,https://api.lever.co/v0/postings/quantcast?mode=json,open-apply-jobs,2025-05-22,2026-06-23,1225,,,
Quantumcircuits,quantumcircuits,https://jobs.lever.co/quantumcircuits,https://api.lever.co/v0/postings/quantumcircuits?mode=json,open-apply-jobs,2021-07-15,2025-10-02,448,,,
Quantummetric,quantummetric,https://jobs.lever.co/quantummetric,https://api.lever.co/v0/postings/quantummetric?mode=json,open-apply-jobs,2025-06-10,2026-06-25,816,,,
Quantumworkplace,quantumworkplace,https://jobs.lever.co/quantumworkplace,https://api.lever.co/v0/postings/quantumworkplace?mode=json,open-apply-jobs,2026-03-26,2026-06-18,176,,,
Quartzy,quartzy,https://jobs.lever.co/quartzy,https://api.lever.co/v0/postings/quartzy?mode=json,open-apply-jobs,2025-12-10,2026-05-11,137,,,
Quenchwater,quenchwater,https://jobs.lever.co/quenchwater,https://api.lever.co/v0/postings/quenchwater?mode=json,open-apply-jobs,2024-10-07,2026-06-26,4173,,,
Questanalytics,questanalytics,https://jobs.lever.co/questanalytics,https://api.lever.co/v0/postings/questanalytics?mode=json,open-apply-jobs,2024-12-17,2026-06-15,258,,,
Quincus,quincus,https://jobs.lever.co/quincus,https://api.lever.co/v0/postings/quincus?mode=json,open-apply-jobs,2023-04-17,2023-04-22,128,,,
Quincyinst,quincyinst,https://jobs.lever.co/quincyinst,https://api.lever.co/v0/postings/quincyinst?mode=json,open-apply-jobs,2026-04-02,2026-04-24,67,,,
Quizlet,quizlet-2,https://jobs.lever.co/quizlet-2,https://api.lever.co/v0/postings/quizlet-2?mode=json,open-apply-jobs,2024-04-01,2026-05-12,911,,,
Quokka,quokka,https://jobs.lever.co/quokka,https://api.lever.co/v0/postings/quokka?mode=json,open-apply-jobs,2022-05-23,2024-05-30,256,,,
Qvest.Us,qvest.us,https://jobs.lever.co/qvest.us,https://api.lever.co/v0/postings/qvest.us?mode=json,open-apply-jobs,2016-06-02,2026-05-18,1882,,,
Qwello.Eu,qwello.eu,https://jobs.lever.co/qwello.eu,https://api.lever.co/v0/postings/qwello.eu?mode=json,open-apply-jobs,2023-03-14,2026-06-18,141,,,
R3.Com,r3.com,https://jobs.lever.co/r3.com,https://api.lever.co/v0/postings/r3.com?mode=json,open-apply-jobs,2025-11-26,2026-02-09,90,,,
Rackspace,rackspace,https://jobs.lever.co/rackspace,https://api.lever.co/v0/postings/rackspace?mode=json,open-apply-jobs,2026-03-06,2026-03-06,19,,,
Radformation,radformation,https://jobs.lever.co/radformation,https://api.lever.co/v0/postings/radformation?mode=json,open-apply-jobs,2026-01-05,2026-06-27,428,,,
Rai,rai,https://jobs.lever.co/rai,https://api.lever.co/v0/postings/rai?mode=json,open-apply-jobs,2022-10-05,2026-06-25,131,,,
Railroad19,railroad19,https://jobs.lever.co/railroad19,https://api.lever.co/v0/postings/railroad19?mode=json,open-apply-jobs,2026-02-13,2026-06-16,71,,,
Rainfocus,rainfocus,https://jobs.lever.co/rainfocus,https://api.lever.co/v0/postings/rainfocus?mode=json,open-apply-jobs,2025-12-22,2026-06-10,687,,,
Rangeenergy,rangeenergy,https://jobs.lever.co/rangeenergy,https://api.lever.co/v0/postings/rangeenergy?mode=json,open-apply-jobs,2023-07-18,2026-05-27,571,,,
Ranger,ranger,https://jobs.lever.co/ranger,https://api.lever.co/v0/postings/ranger?mode=json,open-apply-jobs,2024-11-27,2026-04-01,256,,,
Rapidai,rapidai,https://jobs.lever.co/rapidai,https://api.lever.co/v0/postings/rapidai?mode=json,open-apply-jobs,2024-12-19,2026-06-12,456,,,
Rapidmicrobio,rapidmicrobio,https://jobs.lever.co/rapidmicrobio,https://api.lever.co/v0/postings/rapidmicrobio?mode=json,open-apply-jobs,2025-09-05,2026-06-15,571,,,
Raptv,raptv,https://jobs.lever.co/raptv,https://api.lever.co/v0/postings/raptv?mode=json,open-apply-jobs,2024-10-19,2026-03-06,384,,,
Raya,raya,https://jobs.lever.co/raya,https://api.lever.co/v0/postings/raya?mode=json,open-apply-jobs,2026-01-07,2026-06-26,284,,,
Reach.Industries,reach.industries,https://jobs.lever.co/reach.industries,https://api.lever.co/v0/postings/reach.industries?mode=json,open-apply-jobs,2026-03-12,2026-05-07,104,,,
Reachpower,reachpower,https://jobs.lever.co/reachpower,https://api.lever.co/v0/postings/reachpower?mode=json,open-apply-jobs,2024-10-24,2026-01-21,192,,,
Realself,realself,https://jobs.lever.co/realself,https://api.lever.co/v0/postings/realself?mode=json,open-apply-jobs,2025-12-01,2026-05-18,189,,,
Recognisebank,recognisebank,https://jobs.lever.co/recognisebank,https://api.lever.co/v0/postings/recognisebank?mode=json,open-apply-jobs,2025-10-07,2026-06-23,192,,,
Recordpoint,recordpoint,https://jobs.lever.co/recordpoint,https://api.lever.co/v0/postings/recordpoint?mode=json,open-apply-jobs,2024-10-18,2026-06-23,599,,,
Redbee,redbee,https://jobs.lever.co/redbee,https://api.lever.co/v0/postings/redbee?mode=json,open-apply-jobs,2026-01-15,2026-06-25,545,,,
Redcanyonsoftware,redcanyonsoftware,https://jobs.lever.co/redcanyonsoftware,https://api.lever.co/v0/postings/redcanyonsoftware?mode=json,open-apply-jobs,2021-07-27,2026-06-22,437,,,
Reddogmedia,reddogmedia,https://jobs.lever.co/reddogmedia,https://api.lever.co/v0/postings/reddogmedia?mode=json,open-apply-jobs,2026-01-30,2026-06-17,57,,,
Redhorsecorp,redhorsecorp,https://jobs.lever.co/redhorsecorp,https://api.lever.co/v0/postings/redhorsecorp?mode=json,open-apply-jobs,2025-07-14,2026-06-26,3232,,,
Redoxengine,redoxengine,https://jobs.lever.co/redoxengine,https://api.lever.co/v0/postings/redoxengine?mode=json,open-apply-jobs,2026-01-12,2026-06-24,823,,,
Redsox,redsox,https://jobs.lever.co/redsox,https://api.lever.co/v0/postings/redsox?mode=json,open-apply-jobs,2025-10-16,2026-06-25,630,,,
Redwoodcu,redwoodcu,https://jobs.lever.co/redwoodcu,https://api.lever.co/v0/postings/redwoodcu?mode=json,open-apply-jobs,2025-01-29,2026-06-25,2278,,,
Reekon Tools,reekon-tools,https://jobs.lever.co/reekon-tools,https://api.lever.co/v0/postings/reekon-tools?mode=json,open-apply-jobs,2022-02-02,2026-03-12,396,,,
Regalvoice,regalvoice,https://jobs.lever.co/regalvoice,https://api.lever.co/v0/postings/regalvoice?mode=json,open-apply-jobs,2023-01-03,2026-04-27,483,,,
Regenxbio,regenxbio,https://jobs.lever.co/regenxbio,https://api.lever.co/v0/postings/regenxbio?mode=json,open-apply-jobs,2025-11-06,2026-06-23,358,,,
Regrello,regrello,https://jobs.lever.co/regrello,https://api.lever.co/v0/postings/regrello?mode=json,open-apply-jobs,2023-02-07,2025-09-11,896,,,
Relay Commerce,relay-commerce,https://jobs.lever.co/relay-commerce,https://api.lever.co/v0/postings/relay-commerce?mode=json,open-apply-jobs,2026-03-13,2026-05-01,186,,,
Remedyproductstudio,remedyproductstudio,https://jobs.lever.co/remedyproductstudio,https://api.lever.co/v0/postings/remedyproductstudio?mode=json,open-apply-jobs,2023-03-24,2026-02-03,474,,,
Remofirst,remofirst,https://jobs.lever.co/remofirst,https://api.lever.co/v0/postings/remofirst?mode=json,open-apply-jobs,2025-02-21,2026-06-11,1151,,,
Renegade,renegade,https://jobs.lever.co/renegade,https://api.lever.co/v0/postings/renegade?mode=json,open-apply-jobs,2026-01-14,2026-01-22,192,,,
Renofi,renofi,https://jobs.lever.co/renofi,https://api.lever.co/v0/postings/renofi?mode=json,open-apply-jobs,2022-12-14,2026-06-10,240,,,
Reply,reply,https://jobs.lever.co/reply,https://api.lever.co/v0/postings/reply?mode=json,open-apply-jobs,2025-05-12,2026-06-16,3286,,,
Repurposeglobal,repurposeglobal,https://jobs.lever.co/repurposeglobal,https://api.lever.co/v0/postings/repurposeglobal?mode=json,open-apply-jobs,2026-02-11,2026-05-20,411,,,
Researchgate,researchgate,https://jobs.lever.co/researchgate,https://api.lever.co/v0/postings/researchgate?mode=json,open-apply-jobs,2026-01-28,2026-06-01,150,,,
Researchinnovations.Com,researchinnovations.com,https://jobs.lever.co/researchinnovations.com,https://api.lever.co/v0/postings/researchinnovations.com?mode=json,open-apply-jobs,2024-07-03,2026-06-24,870,,,
Resilinc,resilinc,https://jobs.lever.co/resilinc,https://api.lever.co/v0/postings/resilinc?mode=json,open-apply-jobs,2025-01-29,2026-05-21,296,,,
Restaurant365,restaurant365,https://jobs.lever.co/restaurant365,https://api.lever.co/v0/postings/restaurant365?mode=json,open-apply-jobs,2025-07-16,2026-06-17,1655,,,
Retro,retro,https://jobs.lever.co/retro,https://api.lever.co/v0/postings/retro?mode=json,open-apply-jobs,2022-03-14,2026-06-22,439,,,
Revealtech,revealtech,https://jobs.lever.co/revealtech,https://api.lever.co/v0/postings/revealtech?mode=json,open-apply-jobs,2024-05-29,2026-06-24,403,,,
Revefi,revefi,https://jobs.lever.co/revefi,https://api.lever.co/v0/postings/revefi?mode=json,open-apply-jobs,2022-07-07,2026-01-22,537,,,
Revhealth,revhealth,https://jobs.lever.co/revhealth,https://api.lever.co/v0/postings/revhealth?mode=json,open-apply-jobs,2026-01-22,2026-02-24,384,,,
Revinate,revinate,https://jobs.lever.co/revinate,https://api.lever.co/v0/postings/revinate?mode=json,open-apply-jobs,2025-04-30,2026-06-23,212,,,
Reviverx,reviverx,https://jobs.lever.co/reviverx,https://api.lever.co/v0/postings/reviverx?mode=json,open-apply-jobs,2025-05-12,2026-06-24,433,,,
Rezotx,rezotx,https://jobs.lever.co/rezotx,https://api.lever.co/v0/postings/rezotx?mode=json,open-apply-jobs,2022-11-16,2026-06-24,158,,,
Rfa,rfa-2,https://jobs.lever.co/rfa-2,https://api.lever.co/v0/postings/rfa-2?mode=json,open-apply-jobs,2025-08-04,2026-06-25,428,,,
Rgi,rgi,https://jobs.lever.co/rgi,https://api.lever.co/v0/postings/rgi?mode=json,open-apply-jobs,2023-12-14,2026-05-20,918,,,
Rhombus Systems,rhombus-systems,https://jobs.lever.co/rhombus-systems,https://api.lever.co/v0/postings/rhombus-systems?mode=json,open-apply-jobs,2021-09-30,2026-03-09,560,,,
Richards Supply,richards-supply,https://jobs.lever.co/richards-supply,https://api.lever.co/v0/postings/richards-supply?mode=json,open-apply-jobs,2025-02-05,2026-06-22,4754,,,
Rideonewheel,rideonewheel,https://jobs.lever.co/rideonewheel,https://api.lever.co/v0/postings/rideonewheel?mode=json,open-apply-jobs,2015-11-11,2026-05-12,224,,,
Ridezum,ridezum,https://jobs.lever.co/ridezum,https://api.lever.co/v0/postings/ridezum?mode=json,open-apply-jobs,2025-03-05,2026-06-23,3790,,,
Rigetti,rigetti,https://jobs.lever.co/rigetti,https://api.lever.co/v0/postings/rigetti?mode=json,open-apply-jobs,2020-03-12,2026-06-12,902,,,
Rightformula,rightformula,https://jobs.lever.co/rightformula,https://api.lever.co/v0/postings/rightformula?mode=json,open-apply-jobs,2025-05-23,2026-06-23,609,,,
Rightsideup,rightsideup,https://jobs.lever.co/rightsideup,https://api.lever.co/v0/postings/rightsideup?mode=json,open-apply-jobs,2023-12-18,2026-05-29,1834,,,
Riocan,riocan,https://jobs.lever.co/riocan,https://api.lever.co/v0/postings/riocan?mode=json,open-apply-jobs,2024-08-28,2026-06-17,595,,,
Rise,rise,https://jobs.lever.co/rise,https://api.lever.co/v0/postings/rise?mode=json,open-apply-jobs,2019-09-04,2026-06-17,1853,,,
Rising Above,rising-above,https://jobs.lever.co/rising-above,https://api.lever.co/v0/postings/rising-above?mode=json,open-apply-jobs,2024-04-03,2025-07-25,357,,,
Riverdale,riverdale,https://jobs.lever.co/riverdale,https://api.lever.co/v0/postings/riverdale?mode=json,open-apply-jobs,2019-07-24,2026-06-04,800,,,
Rivr,rivr,https://jobs.lever.co/rivr,https://api.lever.co/v0/postings/rivr?mode=json,open-apply-jobs,2024-01-20,2026-06-24,1761,,,
Ro,ro,https://jobs.lever.co/ro,https://api.lever.co/v0/postings/ro?mode=json,open-apply-jobs,2020-05-07,2026-06-27,3218,,,
Roadrunner Studios,roadrunner-studios,https://jobs.lever.co/roadrunner-studios,https://api.lever.co/v0/postings/roadrunner-studios?mode=json,open-apply-jobs,2025-09-12,2026-06-11,562,,,
Roboticassistancedevices,roboticassistancedevices,https://jobs.lever.co/roboticassistancedevices,https://api.lever.co/v0/postings/roboticassistancedevices?mode=json,open-apply-jobs,2025-10-29,2026-06-16,522,,,
Robust Ai,robust-ai,https://jobs.lever.co/robust-ai,https://api.lever.co/v0/postings/robust-ai?mode=json,open-apply-jobs,2024-12-17,2026-06-22,660,,,
Rocketcommunications,rocketcommunications,https://jobs.lever.co/rocketcommunications,https://api.lever.co/v0/postings/rocketcommunications?mode=json,open-apply-jobs,2026-02-04,2026-06-16,329,,,
Rocketpartners,rocketpartners,https://jobs.lever.co/rocketpartners,https://api.lever.co/v0/postings/rocketpartners?mode=json,open-apply-jobs,2025-02-26,2026-06-04,321,,,
Rocketship,rocketship,https://jobs.lever.co/rocketship,https://api.lever.co/v0/postings/rocketship?mode=json,open-apply-jobs,2020-04-06,2026-06-26,5878,,,
Roofstacks,roofstacks,https://jobs.lever.co/roofstacks,https://api.lever.co/v0/postings/roofstacks?mode=json,open-apply-jobs,2024-03-29,2025-12-16,1472,,,
Rookcoffee,rookcoffee,https://jobs.lever.co/rookcoffee,https://api.lever.co/v0/postings/rookcoffee?mode=json,open-apply-jobs,2020-01-06,2026-06-15,330,,,
Roshalimaging,roshalimaging,https://jobs.lever.co/roshalimaging,https://api.lever.co/v0/postings/roshalimaging?mode=json,open-apply-jobs,2025-04-16,2026-06-26,5829,,,
Rover,rover,https://jobs.lever.co/rover,https://api.lever.co/v0/postings/rover?mode=json,open-apply-jobs,2023-09-27,2026-06-24,1494,,,
Rovio,rovio-2,https://jobs.lever.co/rovio-2,https://api.lever.co/v0/postings/rovio-2?mode=json,open-apply-jobs,2025-08-21,2026-06-17,867,,,
Royalambulance,royalambulance,https://jobs.lever.co/royalambulance,https://api.lever.co/v0/postings/royalambulance?mode=json,open-apply-jobs,2020-05-20,2026-05-27,845,,,
Rsandf,rsandf-2,https://jobs.lever.co/rsandf-2,https://api.lever.co/v0/postings/rsandf-2?mode=json,open-apply-jobs,2022-03-09,2022-03-09,42,,,
Rupa,rupa,https://jobs.lever.co/rupa,https://api.lever.co/v0/postings/rupa?mode=json,open-apply-jobs,2023-11-08,2023-11-08,64,,,
Rw1,rw1,https://jobs.lever.co/rw1,https://api.lever.co/v0/postings/rw1?mode=json,open-apply-jobs,2024-10-29,2026-03-04,512,,,
Rws,rws,https://jobs.lever.co/rws,https://api.lever.co/v0/postings/rws?mode=json,open-apply-jobs,2024-10-14,2026-06-18,4377,,,
Rylo,rylo,https://jobs.lever.co/rylo,https://api.lever.co/v0/postings/rylo?mode=json,open-apply-jobs,2017-05-01,2019-02-22,512,,,
Safe,safe,https://jobs.lever.co/safe,https://api.lever.co/v0/postings/safe?mode=json,open-apply-jobs,2023-10-11,2026-06-12,706,,,
Safetyculture,safetyculture-2,https://jobs.lever.co/safetyculture-2,https://api.lever.co/v0/postings/safetyculture-2?mode=json,open-apply-jobs,2021-06-11,2026-06-25,2171,,,
Safran Ai,safran-ai,https://jobs.lever.co/safran-ai,https://api.lever.co/v0/postings/safran-ai?mode=json,open-apply-jobs,2020-08-08,2026-06-26,1606,,,
Saga Xyz,saga-xyz,https://jobs.lever.co/saga-xyz,https://api.lever.co/v0/postings/saga-xyz?mode=json,open-apply-jobs,2024-01-18,2026-05-05,194,,,
Sait,sait,https://jobs.lever.co/sait,https://api.lever.co/v0/postings/sait?mode=json,open-apply-jobs,2023-12-05,2026-06-23,771,,,
Sakon,sakon,https://jobs.lever.co/sakon,https://api.lever.co/v0/postings/sakon?mode=json,open-apply-jobs,2021-09-23,2026-06-23,195,,,
Salvohealth,salvohealth,https://jobs.lever.co/salvohealth,https://api.lever.co/v0/postings/salvohealth?mode=json,open-apply-jobs,2024-03-30,2026-06-18,448,,,
Sambatv,sambatv,https://jobs.lever.co/sambatv,https://api.lever.co/v0/postings/sambatv?mode=json,open-apply-jobs,2025-07-09,2026-06-26,4406,,,
Sanabenefits,sanabenefits,https://jobs.lever.co/sanabenefits,https://api.lever.co/v0/postings/sanabenefits?mode=json,open-apply-jobs,2026-01-30,2026-06-24,215,,,
Sanctuary,sanctuary,https://jobs.lever.co/sanctuary,https://api.lever.co/v0/postings/sanctuary?mode=json,open-apply-jobs,2025-10-01,2026-04-17,216,,,
Sandboxvr,sandboxvr,https://jobs.lever.co/sandboxvr,https://api.lever.co/v0/postings/sandboxvr?mode=json,open-apply-jobs,2019-03-22,2026-05-26,1940,,,
Sar,sar,https://jobs.lever.co/sar,https://api.lever.co/v0/postings/sar?mode=json,open-apply-jobs,2021-07-12,2026-05-07,1589,,,
Saronic,saronic,https://jobs.lever.co/saronic,https://api.lever.co/v0/postings/saronic?mode=json,open-apply-jobs,2023-06-26,2026-04-16,1049,,,
Savii,savii-2,https://jobs.lever.co/savii-2,https://api.lever.co/v0/postings/savii-2?mode=json,open-apply-jobs,2026-01-07,2026-03-19,448,,,
Saviynt,saviynt,https://jobs.lever.co/saviynt,https://api.lever.co/v0/postings/saviynt?mode=json,open-apply-jobs,2021-09-27,2026-06-24,9862,,,
Scale3C,scale3c,https://jobs.lever.co/scale3c,https://api.lever.co/v0/postings/scale3c?mode=json,open-apply-jobs,2022-07-05,2026-06-12,638,,,
Scaleway,scaleway,https://jobs.lever.co/scaleway,https://api.lever.co/v0/postings/scaleway?mode=json,open-apply-jobs,2021-10-14,2026-06-23,2776,,,
Scality,scality,https://jobs.lever.co/scality,https://api.lever.co/v0/postings/scality?mode=json,open-apply-jobs,2021-08-10,2026-06-19,405,,,
Schmidt Entities,schmidt-entities,https://jobs.lever.co/schmidt-entities,https://api.lever.co/v0/postings/schmidt-entities?mode=json,open-apply-jobs,2025-01-22,2026-06-23,985,,,
Scholarrock,scholarrock,https://jobs.lever.co/scholarrock,https://api.lever.co/v0/postings/scholarrock?mode=json,open-apply-jobs,2024-10-28,2026-06-17,1322,,,
Scholarsoffinance,scholarsoffinance,https://jobs.lever.co/scholarsoffinance,https://api.lever.co/v0/postings/scholarsoffinance?mode=json,open-apply-jobs,2026-02-17,2026-06-24,42,,,
Scismic,scismic,https://jobs.lever.co/scismic,https://api.lever.co/v0/postings/scismic?mode=json,open-apply-jobs,2024-06-12,2025-11-12,1280,,,
Scoperecruiting,scoperecruiting,https://jobs.lever.co/scoperecruiting,https://api.lever.co/v0/postings/scoperecruiting?mode=json,open-apply-jobs,2025-05-27,2026-04-24,1663,,,
Scottlogic,scottlogic,https://jobs.lever.co/scottlogic,https://api.lever.co/v0/postings/scottlogic?mode=json,open-apply-jobs,2025-07-22,2026-06-12,1323,,,
Sdatasystems.Com,sdatasystems.com,https://jobs.lever.co/sdatasystems.com,https://api.lever.co/v0/postings/sdatasystems.com?mode=json,open-apply-jobs,2022-05-05,2026-05-19,701,,,
Seaportglobal,seaportglobal,https://jobs.lever.co/seaportglobal,https://api.lever.co/v0/postings/seaportglobal?mode=json,open-apply-jobs,2021-11-26,2026-06-17,542,,,
Secureframe,secureframe,https://jobs.lever.co/secureframe,https://api.lever.co/v0/postings/secureframe?mode=json,open-apply-jobs,2021-05-03,2026-05-05,1180,,,
Seedify Fund,seedify-fund,https://jobs.lever.co/seedify-fund,https://api.lever.co/v0/postings/seedify-fund?mode=json,open-apply-jobs,2025-01-13,2025-05-27,128,,,
Seerinteractive,seerinteractive,https://jobs.lever.co/seerinteractive,https://api.lever.co/v0/postings/seerinteractive?mode=json,open-apply-jobs,2026-03-30,2026-06-25,378,,,
Sentibio,sentibio,https://jobs.lever.co/sentibio,https://api.lever.co/v0/postings/sentibio?mode=json,open-apply-jobs,2026-05-01,2026-05-29,29,,,
Sep,sep,https://jobs.lever.co/sep,https://api.lever.co/v0/postings/sep?mode=json,open-apply-jobs,2021-06-04,2026-05-21,365,,,
Seranbio,seranbio,https://jobs.lever.co/seranbio,https://api.lever.co/v0/postings/seranbio?mode=json,open-apply-jobs,2023-01-11,2026-06-15,1620,,,
Serigraph,serigraph,https://jobs.lever.co/serigraph,https://api.lever.co/v0/postings/serigraph?mode=json,open-apply-jobs,2026-01-27,2026-05-27,712,,,
Serotonin,serotonin,https://jobs.lever.co/serotonin,https://api.lever.co/v0/postings/serotonin?mode=json,open-apply-jobs,2025-06-04,2026-06-26,248,,,
Serv U Success,serv-u-success,https://jobs.lever.co/serv-u-success,https://api.lever.co/v0/postings/serv-u-success?mode=json,open-apply-jobs,2024-09-23,2026-06-26,2556,,,
Serverfarm,serverfarm,https://jobs.lever.co/serverfarm,https://api.lever.co/v0/postings/serverfarm?mode=json,open-apply-jobs,2025-04-15,2026-06-24,3805,,,
Servicerocket,servicerocket,https://jobs.lever.co/servicerocket,https://api.lever.co/v0/postings/servicerocket?mode=json,open-apply-jobs,2025-08-04,2026-05-15,485,,,
Sesame,sesame,https://jobs.lever.co/sesame,https://api.lever.co/v0/postings/sesame?mode=json,open-apply-jobs,2022-04-19,2026-05-05,74,,,
Seven Starling,seven-starling,https://jobs.lever.co/seven-starling,https://api.lever.co/v0/postings/seven-starling?mode=json,open-apply-jobs,2025-12-30,2026-06-18,764,,,
Sfeir,sfeir,https://jobs.lever.co/sfeir,https://api.lever.co/v0/postings/sfeir?mode=json,open-apply-jobs,2019-12-06,2026-06-24,2856,,,
Sfgiants,sfgiants,https://jobs.lever.co/sfgiants,https://api.lever.co/v0/postings/sfgiants?mode=json,open-apply-jobs,2025-12-02,2026-06-17,593,,,
Sfmoma,sfmoma,https://jobs.lever.co/sfmoma,https://api.lever.co/v0/postings/sfmoma?mode=json,open-apply-jobs,2025-08-20,2026-06-22,261,,,
Sgff.Org,sgff.org,https://jobs.lever.co/sgff.org,https://api.lever.co/v0/postings/sgff.org?mode=json,open-apply-jobs,2026-02-23,2026-06-15,372,,,
Shakacode,shakacode,https://jobs.lever.co/shakacode,https://api.lever.co/v0/postings/shakacode?mode=json,open-apply-jobs,2021-03-01,2022-10-14,128,,,
Shakudo,shakudo,https://jobs.lever.co/shakudo,https://api.lever.co/v0/postings/shakudo?mode=json,open-apply-jobs,2023-07-17,2026-06-26,538,,,
Shieldai,shieldai,https://jobs.lever.co/shieldai,https://api.lever.co/v0/postings/shieldai?mode=json,open-apply-jobs,2022-03-18,2026-06-26,20268,,,
Shiru,shiru,https://jobs.lever.co/shiru,https://api.lever.co/v0/postings/shiru?mode=json,open-apply-jobs,2019-10-30,2019-10-30,63,,,
Shopback,shopback-2,https://jobs.lever.co/shopback-2,https://api.lever.co/v0/postings/shopback-2?mode=json,open-apply-jobs,2021-11-11,2026-06-26,4775,,,
Shopreli,shopreli,https://jobs.lever.co/shopreli,https://api.lever.co/v0/postings/shopreli?mode=json,open-apply-jobs,2025-02-23,2026-06-17,439,,,
Shyftlabs,shyftlabs,https://jobs.lever.co/shyftlabs,https://api.lever.co/v0/postings/shyftlabs?mode=json,open-apply-jobs,2023-09-15,2026-06-26,2528,,,
Sideinc,sideinc,https://jobs.lever.co/sideinc,https://api.lever.co/v0/postings/sideinc?mode=json,open-apply-jobs,2026-01-12,2026-06-23,361,,,
Siepe,siepe,https://jobs.lever.co/siepe,https://api.lever.co/v0/postings/siepe?mode=json,open-apply-jobs,2025-02-05,2026-06-18,894,,,
Sierraclub,sierraclub,https://jobs.lever.co/sierraclub,https://api.lever.co/v0/postings/sierraclub?mode=json,open-apply-jobs,2026-03-04,2026-06-23,179,,,
Sietefoods,sietefoods-2,https://jobs.lever.co/sietefoods-2,https://api.lever.co/v0/postings/sietefoods-2?mode=json,open-apply-jobs,2026-01-23,2026-06-15,277,,,
Signal,signal,https://jobs.lever.co/signal,https://api.lever.co/v0/postings/signal?mode=json,open-apply-jobs,2026-02-24,2026-02-24,10,,,
Significanceinc,significanceinc,https://jobs.lever.co/significanceinc,https://api.lever.co/v0/postings/significanceinc?mode=json,open-apply-jobs,2023-05-16,2026-06-24,1636,,,
Signinsolutions,signinsolutions,https://jobs.lever.co/signinsolutions,https://api.lever.co/v0/postings/signinsolutions?mode=json,open-apply-jobs,2026-02-25,2026-06-22,218,,,
Sila,sila,https://jobs.lever.co/sila,https://api.lever.co/v0/postings/sila?mode=json,open-apply-jobs,2022-05-25,2026-06-24,7899,,,
Silasg,silasg,https://jobs.lever.co/silasg,https://api.lever.co/v0/postings/silasg?mode=json,open-apply-jobs,2026-03-02,2026-06-22,116,,,
Silverbackstrategies,silverbackstrategies,https://jobs.lever.co/silverbackstrategies,https://api.lever.co/v0/postings/silverbackstrategies?mode=json,open-apply-jobs,2020-01-22,2025-04-16,128,,,
Simpleventures,simpleventures,https://jobs.lever.co/simpleventures,https://api.lever.co/v0/postings/simpleventures?mode=json,open-apply-jobs,2024-06-28,2025-01-16,192,,,
Simulmedia,simulmedia,https://jobs.lever.co/simulmedia,https://api.lever.co/v0/postings/simulmedia?mode=json,open-apply-jobs,2023-03-27,2026-04-03,535,,,
Singerlewak,singerlewak,https://jobs.lever.co/singerlewak,https://api.lever.co/v0/postings/singerlewak?mode=json,open-apply-jobs,2024-04-12,2026-06-18,2517,,,
Siteground,siteground,https://jobs.lever.co/siteground,https://api.lever.co/v0/postings/siteground?mode=json,open-apply-jobs,2024-04-15,2026-06-17,634,,,
Sitetracker,sitetracker,https://jobs.lever.co/sitetracker,https://api.lever.co/v0/postings/sitetracker?mode=json,open-apply-jobs,2023-03-15,2026-06-23,1320,,,
Skello,skello,https://jobs.lever.co/skello,https://api.lever.co/v0/postings/skello?mode=json,open-apply-jobs,2020-03-27,2026-06-11,2648,,,
Skillcloudhcm,skillcloudhcm,https://jobs.lever.co/skillcloudhcm,https://api.lever.co/v0/postings/skillcloudhcm?mode=json,open-apply-jobs,2026-01-19,2026-06-25,625,,,
Skillshare,skillshare,https://jobs.lever.co/skillshare,https://api.lever.co/v0/postings/skillshare?mode=json,open-apply-jobs,2025-12-18,2026-01-09,62,,,
Skio,skio,https://jobs.lever.co/skio,https://api.lever.co/v0/postings/skio?mode=json,open-apply-jobs,2021-10-21,2026-02-09,384,,,
Skipscooters,skipscooters,https://jobs.lever.co/skipscooters,https://api.lever.co/v0/postings/skipscooters?mode=json,open-apply-jobs,2018-04-06,2020-07-16,384,,,
Skyboxlabs,skyboxlabs,https://jobs.lever.co/skyboxlabs,https://api.lever.co/v0/postings/skyboxlabs?mode=json,open-apply-jobs,2026-04-02,2026-06-19,89,,,
Skydance,skydance,https://jobs.lever.co/skydance,https://api.lever.co/v0/postings/skydance?mode=json,open-apply-jobs,2025-08-26,2026-06-08,1639,,,
Skygrid,skygrid,https://jobs.lever.co/skygrid,https://api.lever.co/v0/postings/skygrid?mode=json,open-apply-jobs,2026-03-18,2026-05-26,64,,,
Skylineconstruction,skylineconstruction,https://jobs.lever.co/skylineconstruction,https://api.lever.co/v0/postings/skylineconstruction?mode=json,open-apply-jobs,2019-04-09,2026-06-10,1335,,,
Skypointcloud,skypointcloud,https://jobs.lever.co/skypointcloud,https://api.lever.co/v0/postings/skypointcloud?mode=json,open-apply-jobs,2025-05-13,2025-05-13,64,,,
Skyralio,skyralio,https://jobs.lever.co/skyralio,https://api.lever.co/v0/postings/skyralio?mode=json,open-apply-jobs,2024-11-13,2026-06-02,337,,,
Skysafe,skysafe,https://jobs.lever.co/skysafe,https://api.lever.co/v0/postings/skysafe?mode=json,open-apply-jobs,2026-02-10,2026-02-10,21,,,
Skyslope,skyslope,https://jobs.lever.co/skyslope,https://api.lever.co/v0/postings/skyslope?mode=json,open-apply-jobs,2026-01-13,2026-05-29,91,,,
Skywarditsolutions,skywarditsolutions,https://jobs.lever.co/skywarditsolutions,https://api.lever.co/v0/postings/skywarditsolutions?mode=json,open-apply-jobs,2026-04-17,2026-06-25,180,,,
Skyways,skyways,https://jobs.lever.co/skyways,https://api.lever.co/v0/postings/skyways?mode=json,open-apply-jobs,2025-07-01,2026-06-09,1394,,,
Slangai,slangai,https://jobs.lever.co/slangai,https://api.lever.co/v0/postings/slangai?mode=json,open-apply-jobs,2024-12-06,2025-09-05,256,,,
Slate,slate,https://jobs.lever.co/slate,https://api.lever.co/v0/postings/slate?mode=json,open-apply-jobs,2026-01-15,2026-05-21,159,,,
Smarsh,smarsh,https://jobs.lever.co/smarsh,https://api.lever.co/v0/postings/smarsh?mode=json,open-apply-jobs,2024-10-15,2026-06-24,2586,,,
Smart Working Solutions,smart-working-solutions,https://jobs.lever.co/smart-working-solutions,https://api.lever.co/v0/postings/smart-working-solutions?mode=json,open-apply-jobs,2025-05-11,2026-06-26,3441,,,
Smartcuts,smartcuts,https://jobs.lever.co/smartcuts,https://api.lever.co/v0/postings/smartcuts?mode=json,open-apply-jobs,2021-02-13,2021-04-15,54,,,
Smiledigitalhealth,smiledigitalhealth,https://jobs.lever.co/smiledigitalhealth,https://api.lever.co/v0/postings/smiledigitalhealth?mode=json,open-apply-jobs,2026-02-05,2026-06-26,693,,,
Snaplogic,snaplogic,https://jobs.lever.co/snaplogic,https://api.lever.co/v0/postings/snaplogic?mode=json,open-apply-jobs,2026-03-07,2026-06-24,479,,,
Snappr,snappr,https://jobs.lever.co/snappr,https://api.lever.co/v0/postings/snappr?mode=json,open-apply-jobs,2023-11-24,2026-06-18,1512,,,
Sofarsounds,sofarsounds,https://jobs.lever.co/sofarsounds,https://api.lever.co/v0/postings/sofarsounds?mode=json,open-apply-jobs,2024-01-31,2026-06-08,2764,,,
Softworld,softworld,https://jobs.lever.co/softworld,https://api.lever.co/v0/postings/softworld?mode=json,open-apply-jobs,2023-06-13,2025-03-11,576,,,
Solarlandscape,solarlandscape,https://jobs.lever.co/solarlandscape,https://api.lever.co/v0/postings/solarlandscape?mode=json,open-apply-jobs,2024-06-18,2026-06-25,2920,,,
Solestial,solestial,https://jobs.lever.co/solestial,https://api.lever.co/v0/postings/solestial?mode=json,open-apply-jobs,2026-01-20,2026-06-25,273,,,
Solfl,solfl,https://jobs.lever.co/solfl,https://api.lever.co/v0/postings/solfl?mode=json,open-apply-jobs,2025-02-02,2026-06-03,528,,,
Solidcore,solidcore,https://jobs.lever.co/solidcore,https://api.lever.co/v0/postings/solidcore?mode=json,open-apply-jobs,2018-12-22,2026-06-26,16268,,,
Solopulseco,solopulseco,https://jobs.lever.co/solopulseco,https://api.lever.co/v0/postings/solopulseco?mode=json,open-apply-jobs,2024-08-09,2026-06-16,626,,,
Solutiondesign,solutiondesign,https://jobs.lever.co/solutiondesign,https://api.lever.co/v0/postings/solutiondesign?mode=json,open-apply-jobs,2023-03-20,2026-06-09,185,,,
Solutuslegal,solutuslegal,https://jobs.lever.co/solutuslegal,https://api.lever.co/v0/postings/solutuslegal?mode=json,open-apply-jobs,2024-09-19,2026-06-19,1610,,,
Sonarsource,sonarsource,https://jobs.lever.co/sonarsource,https://api.lever.co/v0/postings/sonarsource?mode=json,open-apply-jobs,2024-02-15,2026-06-26,6577,,,
Sonatype,sonatype,https://jobs.lever.co/sonatype,https://api.lever.co/v0/postings/sonatype?mode=json,open-apply-jobs,2025-07-29,2026-06-23,1007,,,
Soniresources,soniresources,https://jobs.lever.co/soniresources,https://api.lever.co/v0/postings/soniresources?mode=json,open-apply-jobs,2025-09-30,2026-06-25,476,,,
Sonrai Security,sonrai-security,https://jobs.lever.co/sonrai-security,https://api.lever.co/v0/postings/sonrai-security?mode=json,open-apply-jobs,2022-05-26,2026-03-24,192,,,
Sophos,sophos,https://jobs.lever.co/sophos,https://api.lever.co/v0/postings/sophos?mode=json,open-apply-jobs,2025-03-14,2026-06-25,7500,,,
Soraschools,soraschools,https://jobs.lever.co/soraschools,https://api.lever.co/v0/postings/soraschools?mode=json,open-apply-jobs,2024-10-23,2026-04-27,122,,,
Source,source,https://jobs.lever.co/source,https://api.lever.co/v0/postings/source?mode=json,open-apply-jobs,2024-03-07,2025-11-17,384,,,
Southshorecompanies,southshorecompanies,https://jobs.lever.co/southshorecompanies,https://api.lever.co/v0/postings/southshorecompanies?mode=json,open-apply-jobs,2022-11-16,2026-06-25,1089,,,
Spaceback,spaceback,https://jobs.lever.co/spaceback,https://api.lever.co/v0/postings/spaceback?mode=json,open-apply-jobs,2025-04-18,2025-04-18,64,,,
Spawglass,spawglass,https://jobs.lever.co/spawglass,https://api.lever.co/v0/postings/spawglass?mode=json,open-apply-jobs,2015-07-07,2026-06-25,2303,,,
Spear,spear,https://jobs.lever.co/spear,https://api.lever.co/v0/postings/spear?mode=json,open-apply-jobs,2025-01-06,2026-06-26,5701,,,
Spiceai,spiceai,https://jobs.lever.co/spiceai,https://api.lever.co/v0/postings/spiceai?mode=json,open-apply-jobs,2025-04-17,2026-04-20,264,,,
Spinai,spinai,https://jobs.lever.co/spinai,https://api.lever.co/v0/postings/spinai?mode=json,open-apply-jobs,2026-02-20,2026-05-25,382,,,
Spiria,spiria,https://jobs.lever.co/spiria,https://api.lever.co/v0/postings/spiria?mode=json,open-apply-jobs,2026-03-30,2026-05-29,488,,,
Splend,splend,https://jobs.lever.co/splend,https://api.lever.co/v0/postings/splend?mode=json,open-apply-jobs,2024-01-23,2026-06-16,700,,,
Spmb,spmb,https://jobs.lever.co/spmb,https://api.lever.co/v0/postings/spmb?mode=json,open-apply-jobs,2022-11-17,2025-02-28,448,,,
Spotify,spotify,https://jobs.lever.co/spotify,https://api.lever.co/v0/postings/spotify?mode=json,open-apply-jobs,2024-06-07,2026-06-26,11038,,,
Spreedly,spreedly,https://jobs.lever.co/spreedly,https://api.lever.co/v0/postings/spreedly?mode=json,open-apply-jobs,2020-05-13,2026-05-15,623,,,
Spreetail,spreetail,https://jobs.lever.co/spreetail,https://api.lever.co/v0/postings/spreetail?mode=json,open-apply-jobs,2025-09-23,2026-06-26,3253,,,
Sprucestreetcomp,sprucestreetcomp,https://jobs.lever.co/sprucestreetcomp,https://api.lever.co/v0/postings/sprucestreetcomp?mode=json,open-apply-jobs,2022-11-10,2026-03-10,247,,,
Sprucesystems,sprucesystems,https://jobs.lever.co/sprucesystems,https://api.lever.co/v0/postings/sprucesystems?mode=json,open-apply-jobs,2025-09-02,2026-02-13,448,,,
Sprymethods,sprymethods,https://jobs.lever.co/sprymethods,https://api.lever.co/v0/postings/sprymethods?mode=json,open-apply-jobs,2023-07-18,2026-06-26,1264,,,
Sprypointservices,sprypointservices,https://jobs.lever.co/sprypointservices,https://api.lever.co/v0/postings/sprypointservices?mode=json,open-apply-jobs,2023-12-27,2026-06-12,477,,,
Spyke Games,spyke-games,https://jobs.lever.co/spyke-games,https://api.lever.co/v0/postings/spyke-games?mode=json,open-apply-jobs,2022-10-20,2025-08-13,730,,,
Sqaservices,sqaservices,https://jobs.lever.co/sqaservices,https://api.lever.co/v0/postings/sqaservices?mode=json,open-apply-jobs,2024-08-21,2026-06-25,2650,,,
Stackblitz,stackblitz,https://jobs.lever.co/stackblitz,https://api.lever.co/v0/postings/stackblitz?mode=json,open-apply-jobs,2025-01-10,2025-01-10,64,,,
Stackhawk,stackhawk,https://jobs.lever.co/stackhawk,https://api.lever.co/v0/postings/stackhawk?mode=json,open-apply-jobs,2026-03-04,2026-03-08,44,,,
Standtogether,standtogether,https://jobs.lever.co/standtogether,https://api.lever.co/v0/postings/standtogether?mode=json,open-apply-jobs,2023-07-12,2026-06-26,6977,,,
Stanleygroup,stanleygroup,https://jobs.lever.co/stanleygroup,https://api.lever.co/v0/postings/stanleygroup?mode=json,open-apply-jobs,2025-05-21,2026-06-26,5361,,,
Starcompliance,starcompliance,https://jobs.lever.co/starcompliance,https://api.lever.co/v0/postings/starcompliance?mode=json,open-apply-jobs,2026-01-06,2026-06-12,481,,,
Starkbank,starkbank,https://jobs.lever.co/starkbank,https://api.lever.co/v0/postings/starkbank?mode=json,open-apply-jobs,2025-12-16,2026-06-17,180,,,
Starknet,starknet,https://jobs.lever.co/starknet,https://api.lever.co/v0/postings/starknet?mode=json,open-apply-jobs,2024-07-05,2025-07-31,12,,,
Startengine,startengine,https://jobs.lever.co/startengine,https://api.lever.co/v0/postings/startengine?mode=json,open-apply-jobs,2019-11-26,2026-02-12,381,,,
Startuptap,startuptap,https://jobs.lever.co/startuptap,https://api.lever.co/v0/postings/startuptap?mode=json,open-apply-jobs,2025-07-10,2026-04-10,218,,,
Steerbridge,steerbridge,https://jobs.lever.co/steerbridge,https://api.lever.co/v0/postings/steerbridge?mode=json,open-apply-jobs,2025-07-28,2026-06-23,3577,,,
Stimlabs,stimlabs,https://jobs.lever.co/stimlabs,https://api.lever.co/v0/postings/stimlabs?mode=json,open-apply-jobs,2022-07-27,2025-10-02,160,,,
Stockpile,stockpile,https://jobs.lever.co/stockpile,https://api.lever.co/v0/postings/stockpile?mode=json,open-apply-jobs,2025-04-16,2025-04-16,64,,,
Stoneridgesoftware,stoneridgesoftware,https://jobs.lever.co/stoneridgesoftware,https://api.lever.co/v0/postings/stoneridgesoftware?mode=json,open-apply-jobs,2021-06-15,2026-06-11,204,,,
Storiogroup,storiogroup,https://jobs.lever.co/storiogroup,https://api.lever.co/v0/postings/storiogroup?mode=json,open-apply-jobs,2025-02-28,2026-06-25,454,,,
Stradaeducation,stradaeducation,https://jobs.lever.co/stradaeducation,https://api.lever.co/v0/postings/stradaeducation?mode=json,open-apply-jobs,2026-05-14,2026-06-18,71,,,
Straighterline,straighterline,https://jobs.lever.co/straighterline,https://api.lever.co/v0/postings/straighterline?mode=json,open-apply-jobs,2025-12-09,2026-06-24,250,,,
Strongcompute,strongcompute,https://jobs.lever.co/strongcompute,https://api.lever.co/v0/postings/strongcompute?mode=json,open-apply-jobs,2026-05-08,2026-05-08,26,,,
Stuart,stuart,https://jobs.lever.co/stuart,https://api.lever.co/v0/postings/stuart?mode=json,open-apply-jobs,2025-12-02,2025-12-02,64,,,
Studypoint,studypoint,https://jobs.lever.co/studypoint,https://api.lever.co/v0/postings/studypoint?mode=json,open-apply-jobs,2016-04-13,2026-06-01,546,,,
Sugarcrm,sugarcrm,https://jobs.lever.co/sugarcrm,https://api.lever.co/v0/postings/sugarcrm?mode=json,open-apply-jobs,2024-01-26,2026-06-25,904,,,
Suger,suger,https://jobs.lever.co/suger,https://api.lever.co/v0/postings/suger?mode=json,open-apply-jobs,2026-03-24,2026-06-11,515,,,
Sumo Digital,sumo-digital,https://jobs.lever.co/sumo-digital,https://api.lever.co/v0/postings/sumo-digital?mode=json,open-apply-jobs,2026-05-21,2026-05-21,1,,,
Sundaysfordogs,sundaysfordogs,https://jobs.lever.co/sundaysfordogs,https://api.lever.co/v0/postings/sundaysfordogs?mode=json,open-apply-jobs,2026-01-09,2026-01-09,26,,,
Sunrisefarms,sunrisefarms,https://jobs.lever.co/sunrisefarms,https://api.lever.co/v0/postings/sunrisefarms?mode=json,open-apply-jobs,2024-12-17,2026-06-26,1901,,,
Sunshinesachs,sunshinesachs,https://jobs.lever.co/sunshinesachs,https://api.lever.co/v0/postings/sunshinesachs?mode=json,open-apply-jobs,2021-05-05,2026-06-12,1407,,,
Sunsrce,sunsrce,https://jobs.lever.co/sunsrce,https://api.lever.co/v0/postings/sunsrce?mode=json,open-apply-jobs,2022-12-20,2026-06-26,17306,,,
Sunwatercapital,sunwatercapital,https://jobs.lever.co/sunwatercapital,https://api.lever.co/v0/postings/sunwatercapital?mode=json,open-apply-jobs,2026-03-19,2026-06-15,232,,,
Super,super,https://jobs.lever.co/super,https://api.lever.co/v0/postings/super?mode=json,open-apply-jobs,2021-08-17,2026-01-06,896,,,
Super Com,super-com,https://jobs.lever.co/super-com,https://api.lever.co/v0/postings/super-com?mode=json,open-apply-jobs,2025-08-01,2025-08-01,64,,,
Superannotate,superannotate,https://jobs.lever.co/superannotate,https://api.lever.co/v0/postings/superannotate?mode=json,open-apply-jobs,2025-09-05,2026-06-24,353,,,
Superiorexecutiveandlegalrecruiting,superiorexecutiveandlegalrecruiting,https://jobs.lever.co/superiorexecutiveandlegalrecruiting,https://api.lever.co/v0/postings/superiorexecutiveandlegalrecruiting?mode=json,open-apply-jobs,2018-11-02,2026-04-22,1260,,,
Supermove,supermove,https://jobs.lever.co/supermove,https://api.lever.co/v0/postings/supermove?mode=json,open-apply-jobs,2021-08-11,2026-02-19,175,,,
Superside,superside,https://jobs.lever.co/superside,https://api.lever.co/v0/postings/superside?mode=json,open-apply-jobs,2023-02-01,2026-06-23,1469,,,
Superstate,superstate,https://jobs.lever.co/superstate,https://api.lever.co/v0/postings/superstate?mode=json,open-apply-jobs,2024-01-26,2026-01-15,374,,,
Supportkind,supportkind,https://jobs.lever.co/supportkind,https://api.lever.co/v0/postings/supportkind?mode=json,open-apply-jobs,2025-11-03,2026-04-29,1564,,,
Sure,sure,https://jobs.lever.co/sure,https://api.lever.co/v0/postings/sure?mode=json,open-apply-jobs,2026-06-08,2026-06-09,39,,,
Surfshark,surfshark,https://jobs.lever.co/surfshark,https://api.lever.co/v0/postings/surfshark?mode=json,open-apply-jobs,2025-09-09,2026-06-01,1191,,,
Swapcard,swapcard,https://jobs.lever.co/swapcard,https://api.lever.co/v0/postings/swapcard?mode=json,open-apply-jobs,2022-09-02,2026-06-18,416,,,
Swile,swile,https://jobs.lever.co/swile,https://api.lever.co/v0/postings/swile?mode=json,open-apply-jobs,2023-08-29,2026-06-23,2144,,,
Swissblock,swissblock,https://jobs.lever.co/swissblock,https://api.lever.co/v0/postings/swissblock?mode=json,open-apply-jobs,2024-10-18,2026-06-10,203,,,
Swissborg,swissborg,https://jobs.lever.co/swissborg,https://api.lever.co/v0/postings/swissborg?mode=json,open-apply-jobs,2023-07-28,2026-04-30,232,,,
Swordhealth,swordhealth,https://jobs.lever.co/swordhealth,https://api.lever.co/v0/postings/swordhealth?mode=json,open-apply-jobs,2024-04-16,2026-06-18,4033,,,
Symplicity,symplicity,https://jobs.lever.co/symplicity,https://api.lever.co/v0/postings/symplicity?mode=json,open-apply-jobs,2024-05-16,2026-06-23,83,,,
Synapticure,synapticure,https://jobs.lever.co/synapticure,https://api.lever.co/v0/postings/synapticure?mode=json,open-apply-jobs,2024-07-02,2026-06-12,618,,,
Synergyecp,synergyecp,https://jobs.lever.co/synergyecp,https://api.lever.co/v0/postings/synergyecp?mode=json,open-apply-jobs,2024-06-26,2026-06-24,2047,,,
Synmax,synmax,https://jobs.lever.co/synmax,https://api.lever.co/v0/postings/synmax?mode=json,open-apply-jobs,2024-10-30,2026-04-10,413,,,
Syntax,syntax,https://jobs.lever.co/syntax,https://api.lever.co/v0/postings/syntax?mode=json,open-apply-jobs,2025-07-31,2026-05-15,197,,,
Synthego,synthego,https://jobs.lever.co/synthego,https://api.lever.co/v0/postings/synthego?mode=json,open-apply-jobs,2026-02-18,2026-06-22,80,,,
Syntronic,syntronic,https://jobs.lever.co/syntronic,https://api.lever.co/v0/postings/syntronic?mode=json,open-apply-jobs,2021-07-05,2026-06-24,1442,,,
Sysdig,sysdig,https://jobs.lever.co/sysdig,https://api.lever.co/v0/postings/sysdig?mode=json,open-apply-jobs,2025-06-17,2026-06-26,1120,,,
System1,system1,https://jobs.lever.co/system1,https://api.lever.co/v0/postings/system1?mode=json,open-apply-jobs,2025-09-07,2026-04-23,595,,,
Syw.Com,syw.com,https://jobs.lever.co/syw.com,https://api.lever.co/v0/postings/syw.com?mode=json,open-apply-jobs,2022-10-13,2023-04-04,1280,,,
Tag,tag,https://jobs.lever.co/tag,https://api.lever.co/v0/postings/tag?mode=json,open-apply-jobs,2026-04-24,2026-04-24,90,,,
Tagup,tagup,https://jobs.lever.co/tagup,https://api.lever.co/v0/postings/tagup?mode=json,open-apply-jobs,2025-01-29,2026-06-18,381,,,
Tahoebio Ai,tahoebio-ai,https://jobs.lever.co/tahoebio-ai,https://api.lever.co/v0/postings/tahoebio-ai?mode=json,open-apply-jobs,2022-12-01,2026-03-17,208,,,
Tala,tala,https://jobs.lever.co/tala,https://api.lever.co/v0/postings/tala?mode=json,open-apply-jobs,2025-08-06,2026-06-23,785,,,
Talentwerx.Io,talentwerx.io,https://jobs.lever.co/talentwerx.io,https://api.lever.co/v0/postings/talentwerx.io?mode=json,open-apply-jobs,2024-12-05,2026-06-26,1763,,,
Tandh,tandh,https://jobs.lever.co/tandh,https://api.lever.co/v0/postings/tandh?mode=json,open-apply-jobs,2026-04-07,2026-06-26,1923,,,
Tangraminteriors,tangraminteriors,https://jobs.lever.co/tangraminteriors,https://api.lever.co/v0/postings/tangraminteriors?mode=json,open-apply-jobs,2020-05-27,2026-03-03,1005,,,
Teambuilders,teambuilders,https://jobs.lever.co/teambuilders,https://api.lever.co/v0/postings/teambuilders?mode=json,open-apply-jobs,2021-05-18,2026-06-22,682,,,
Teamshares,teamshares,https://jobs.lever.co/teamshares,https://api.lever.co/v0/postings/teamshares?mode=json,open-apply-jobs,2023-09-06,2026-06-25,997,,,
Teamsnap,teamsnap,https://jobs.lever.co/teamsnap,https://api.lever.co/v0/postings/teamsnap?mode=json,open-apply-jobs,2025-11-13,2026-06-22,292,,,
Technexus,technexus,https://jobs.lever.co/technexus,https://api.lever.co/v0/postings/technexus?mode=json,open-apply-jobs,2020-07-29,2025-04-28,125,,,
Teck,teck-2,https://jobs.lever.co/teck-2,https://api.lever.co/v0/postings/teck-2?mode=json,open-apply-jobs,2026-03-06,2026-03-11,116,,,
Teecom,teecom,https://jobs.lever.co/teecom,https://api.lever.co/v0/postings/teecom?mode=json,open-apply-jobs,2025-05-04,2026-06-24,3053,,,
Teikametrics,teikametrics,https://jobs.lever.co/teikametrics,https://api.lever.co/v0/postings/teikametrics?mode=json,open-apply-jobs,2025-03-15,2026-06-17,443,,,
Tektome,tektome,https://jobs.lever.co/tektome,https://api.lever.co/v0/postings/tektome?mode=json,open-apply-jobs,2025-03-24,2025-07-25,320,,,
Tekton,tekton,https://jobs.lever.co/tekton,https://api.lever.co/v0/postings/tekton?mode=json,open-apply-jobs,2020-02-26,2026-06-16,706,,,
Telda.App,telda.app,https://jobs.lever.co/telda.app,https://api.lever.co/v0/postings/telda.app?mode=json,open-apply-jobs,2024-11-04,2025-11-18,155,,,
Teleo,teleo,https://jobs.lever.co/teleo,https://api.lever.co/v0/postings/teleo?mode=json,open-apply-jobs,2022-10-26,2026-06-04,646,,,
Telesat,telesat,https://jobs.lever.co/telesat,https://api.lever.co/v0/postings/telesat?mode=json,open-apply-jobs,2023-08-24,2026-06-25,2968,,,
Teller,teller,https://jobs.lever.co/teller,https://api.lever.co/v0/postings/teller?mode=json,open-apply-jobs,2019-09-24,2022-11-10,192,,,
Telligen,telligen,https://jobs.lever.co/telligen,https://api.lever.co/v0/postings/telligen?mode=json,open-apply-jobs,2026-02-05,2026-06-23,377,,,
Tendo,tendo,https://jobs.lever.co/tendo,https://api.lever.co/v0/postings/tendo?mode=json,open-apply-jobs,2024-03-09,2026-04-21,1012,,,
Teramind,teramind,https://jobs.lever.co/teramind,https://api.lever.co/v0/postings/teramind?mode=json,open-apply-jobs,2025-06-26,2026-06-22,1259,,,
Terawattinfrastructure,terawattinfrastructure,https://jobs.lever.co/terawattinfrastructure,https://api.lever.co/v0/postings/terawattinfrastructure?mode=json,open-apply-jobs,2022-02-28,2026-06-23,521,,,
Terraformation,terraformation,https://jobs.lever.co/terraformation,https://api.lever.co/v0/postings/terraformation?mode=json,open-apply-jobs,2026-03-09,2026-06-13,125,,,
Terrahq,terrahq,https://jobs.lever.co/terrahq,https://api.lever.co/v0/postings/terrahq?mode=json,open-apply-jobs,2023-09-15,2026-06-04,330,,,
Terrascend,terrascend,https://jobs.lever.co/terrascend,https://api.lever.co/v0/postings/terrascend?mode=json,open-apply-jobs,2026-01-08,2026-06-23,2127,,,
Tesorio,tesorio,https://jobs.lever.co/tesorio,https://api.lever.co/v0/postings/tesorio?mode=json,open-apply-jobs,2026-04-29,2026-04-29,25,,,
Tevora,tevora,https://jobs.lever.co/tevora,https://api.lever.co/v0/postings/tevora?mode=json,open-apply-jobs,2025-11-04,2026-06-09,635,,,
Textnow,textnow,https://jobs.lever.co/textnow,https://api.lever.co/v0/postings/textnow?mode=json,open-apply-jobs,2022-03-15,2026-04-24,816,,,
Thalolabs,thalolabs,https://jobs.lever.co/thalolabs,https://api.lever.co/v0/postings/thalolabs?mode=json,open-apply-jobs,2024-03-21,2026-02-17,128,,,
Thea.Energy,thea.energy,https://jobs.lever.co/thea.energy,https://api.lever.co/v0/postings/thea.energy?mode=json,open-apply-jobs,2023-12-05,2026-06-24,2250,,,
Theathletic,theathletic,https://jobs.lever.co/theathletic,https://api.lever.co/v0/postings/theathletic?mode=json,open-apply-jobs,2025-08-28,2026-06-26,720,,,
Theblacktux,theblacktux,https://jobs.lever.co/theblacktux,https://api.lever.co/v0/postings/theblacktux?mode=json,open-apply-jobs,2020-12-05,2026-06-25,985,,,
Theblockcrypto,theblockcrypto,https://jobs.lever.co/theblockcrypto,https://api.lever.co/v0/postings/theblockcrypto?mode=json,open-apply-jobs,2025-08-13,2025-11-20,210,,,
Thebouqs.Com,thebouqs.com,https://jobs.lever.co/thebouqs.com,https://api.lever.co/v0/postings/thebouqs.com?mode=json,open-apply-jobs,2025-12-15,2026-05-26,130,,,
Thedispatch,thedispatch,https://jobs.lever.co/thedispatch,https://api.lever.co/v0/postings/thedispatch?mode=json,open-apply-jobs,2026-01-14,2026-05-13,214,,,
Theex,theex,https://jobs.lever.co/theex,https://api.lever.co/v0/postings/theex?mode=json,open-apply-jobs,2026-05-11,2026-05-20,777,,,
Thefp,thefp,https://jobs.lever.co/thefp,https://api.lever.co/v0/postings/thefp?mode=json,open-apply-jobs,2025-09-24,2026-06-01,276,,,
Thefreeosk,thefreeosk,https://jobs.lever.co/thefreeosk,https://api.lever.co/v0/postings/thefreeosk?mode=json,open-apply-jobs,2026-02-23,2026-06-24,100,,,
Thehousemajoritypac,thehousemajoritypac,https://jobs.lever.co/thehousemajoritypac,https://api.lever.co/v0/postings/thehousemajoritypac?mode=json,open-apply-jobs,2021-11-01,2026-06-04,102,,,
Theinformationlab,theinformationlab,https://jobs.lever.co/theinformationlab,https://api.lever.co/v0/postings/theinformationlab?mode=json,open-apply-jobs,2022-04-27,2026-04-13,289,,,
Thekrazycouponlady,thekrazycouponlady,https://jobs.lever.co/thekrazycouponlady,https://api.lever.co/v0/postings/thekrazycouponlady?mode=json,open-apply-jobs,2026-05-08,2026-05-08,1,,,
Theodo,theodo,https://jobs.lever.co/theodo,https://api.lever.co/v0/postings/theodo?mode=json,open-apply-jobs,2022-02-14,2026-06-25,9532,,,
Thepeoplebrand,thepeoplebrand,https://jobs.lever.co/thepeoplebrand,https://api.lever.co/v0/postings/thepeoplebrand?mode=json,open-apply-jobs,2025-07-17,2026-06-23,1119,,,
Thepieexecsearch,thepieexecsearch,https://jobs.lever.co/thepieexecsearch,https://api.lever.co/v0/postings/thepieexecsearch?mode=json,open-apply-jobs,2023-01-24,2026-06-25,557,,,
Therealdeal,therealdeal,https://jobs.lever.co/therealdeal,https://api.lever.co/v0/postings/therealdeal?mode=json,open-apply-jobs,2022-02-03,2026-06-02,731,,,
Thesalesfactory,thesalesfactory,https://jobs.lever.co/thesalesfactory,https://api.lever.co/v0/postings/thesalesfactory?mode=json,open-apply-jobs,2021-08-26,2026-05-12,768,,,
Thetrevorproject,thetrevorproject,https://jobs.lever.co/thetrevorproject,https://api.lever.co/v0/postings/thetrevorproject?mode=json,open-apply-jobs,2026-02-09,2026-06-17,323,,,
Thiga,thiga,https://jobs.lever.co/thiga,https://api.lever.co/v0/postings/thiga?mode=json,open-apply-jobs,2020-02-28,2026-05-07,1145,,,
Thimble,thimble,https://jobs.lever.co/thimble,https://api.lever.co/v0/postings/thimble?mode=json,open-apply-jobs,2026-04-23,2026-04-23,26,,,
Thinkahead,thinkahead,https://jobs.lever.co/thinkahead,https://api.lever.co/v0/postings/thinkahead?mode=json,open-apply-jobs,2017-08-30,2026-06-25,8107,,,
Thinkingbox,thinkingbox,https://jobs.lever.co/thinkingbox,https://api.lever.co/v0/postings/thinkingbox?mode=json,open-apply-jobs,2025-01-29,2026-06-19,1672,,,
Threattec,threattec,https://jobs.lever.co/threattec,https://api.lever.co/v0/postings/threattec?mode=json,open-apply-jobs,2024-01-25,2026-06-26,3340,,,
Thrive Therapies,thrive-therapies,https://jobs.lever.co/thrive-therapies,https://api.lever.co/v0/postings/thrive-therapies?mode=json,open-apply-jobs,2025-02-17,2026-06-22,4916,,,
Thrivecausemetics,thrivecausemetics,https://jobs.lever.co/thrivecausemetics,https://api.lever.co/v0/postings/thrivecausemetics?mode=json,open-apply-jobs,2025-05-29,2026-04-16,118,,,
Thuma,thuma,https://jobs.lever.co/thuma,https://api.lever.co/v0/postings/thuma?mode=json,open-apply-jobs,2024-07-22,2026-06-10,944,,,
Thunkable,thunkable,https://jobs.lever.co/thunkable,https://api.lever.co/v0/postings/thunkable?mode=json,open-apply-jobs,2024-12-17,2026-06-02,245,,,
Tildei,tildei,https://jobs.lever.co/tildei,https://api.lever.co/v0/postings/tildei?mode=json,open-apply-jobs,2026-06-08,2026-06-08,20,,,
Titanelectric Ga,titanelectric-ga,https://jobs.lever.co/titanelectric-ga,https://api.lever.co/v0/postings/titanelectric-ga?mode=json,open-apply-jobs,2023-10-04,2026-06-15,1446,,,
Titanwh,titanwh,https://jobs.lever.co/titanwh,https://api.lever.co/v0/postings/titanwh?mode=json,open-apply-jobs,2025-10-30,2026-06-25,1528,,,
Tkda,tkda,https://jobs.lever.co/tkda,https://api.lever.co/v0/postings/tkda?mode=json,open-apply-jobs,2024-11-22,2026-06-25,3247,,,
Todaytixgroup,todaytixgroup,https://jobs.lever.co/todaytixgroup,https://api.lever.co/v0/postings/todaytixgroup?mode=json,open-apply-jobs,2025-05-14,2026-06-24,405,,,
Toku,toku,https://jobs.lever.co/toku,https://api.lever.co/v0/postings/toku?mode=json,open-apply-jobs,2026-04-14,2026-04-28,109,,,
Tomjames,tomjames,https://jobs.lever.co/tomjames,https://api.lever.co/v0/postings/tomjames?mode=json,open-apply-jobs,2023-10-24,2026-06-22,4296,,,
Tonic,tonic,https://jobs.lever.co/tonic,https://api.lever.co/v0/postings/tonic?mode=json,open-apply-jobs,2022-08-11,2025-09-07,128,,,
Tonkean,tonkean,https://jobs.lever.co/tonkean,https://api.lever.co/v0/postings/tonkean?mode=json,open-apply-jobs,2022-11-01,2026-03-05,304,,,
Tonsser,tonsser,https://jobs.lever.co/tonsser,https://api.lever.co/v0/postings/tonsser?mode=json,open-apply-jobs,2026-03-27,2026-05-13,60,,,
Topazlabs,topazlabs,https://jobs.lever.co/topazlabs,https://api.lever.co/v0/postings/topazlabs?mode=json,open-apply-jobs,2024-04-30,2026-03-06,554,,,
Toptal,toptal,https://jobs.lever.co/toptal,https://api.lever.co/v0/postings/toptal?mode=json,open-apply-jobs,2018-02-07,2026-06-18,1817,,,
Torchdental,torchdental,https://jobs.lever.co/torchdental,https://api.lever.co/v0/postings/torchdental?mode=json,open-apply-jobs,2020-08-24,2026-06-18,455,,,
Totalexpert,totalexpert,https://jobs.lever.co/totalexpert,https://api.lever.co/v0/postings/totalexpert?mode=json,open-apply-jobs,2026-03-05,2026-06-24,142,,,
Totalsystech,totalsystech,https://jobs.lever.co/totalsystech,https://api.lever.co/v0/postings/totalsystech?mode=json,open-apply-jobs,2024-02-26,2026-05-14,794,,,
Tovala,tovala,https://jobs.lever.co/tovala,https://api.lever.co/v0/postings/tovala?mode=json,open-apply-jobs,2023-06-19,2026-06-18,694,,,
Tpgsi,tpgsi,https://jobs.lever.co/tpgsi,https://api.lever.co/v0/postings/tpgsi?mode=json,open-apply-jobs,2025-12-31,2026-06-08,294,,,
Traackr,traackr,https://jobs.lever.co/traackr,https://api.lever.co/v0/postings/traackr?mode=json,open-apply-jobs,2026-01-07,2026-06-16,187,,,
Tracksuit Limited,tracksuit-limited,https://jobs.lever.co/tracksuit-limited,https://api.lever.co/v0/postings/tracksuit-limited?mode=json,open-apply-jobs,2024-11-14,2026-06-23,824,,,
Tracktik,tracktik,https://jobs.lever.co/tracktik,https://api.lever.co/v0/postings/tracktik?mode=json,open-apply-jobs,2026-02-26,2026-06-25,898,,,
Tractian,tractian,https://jobs.lever.co/tractian,https://api.lever.co/v0/postings/tractian?mode=json,open-apply-jobs,2024-01-03,2026-06-11,8023,,,
Tradeify,tradeify,https://jobs.lever.co/tradeify,https://api.lever.co/v0/postings/tradeify?mode=json,open-apply-jobs,2025-10-30,2026-01-21,640,,,
Trailappliances,trailappliances,https://jobs.lever.co/trailappliances,https://api.lever.co/v0/postings/trailappliances?mode=json,open-apply-jobs,2025-10-28,2026-06-25,1263,,,
Tramgroup,tramgroup,https://jobs.lever.co/tramgroup,https://api.lever.co/v0/postings/tramgroup?mode=json,open-apply-jobs,2026-03-19,2026-06-25,361,,,
Transparentpartners,transparentpartners,https://jobs.lever.co/transparentpartners,https://api.lever.co/v0/postings/transparentpartners?mode=json,open-apply-jobs,2022-02-04,2026-05-11,110,,,
Travertine,travertine,https://jobs.lever.co/travertine,https://api.lever.co/v0/postings/travertine?mode=json,open-apply-jobs,2025-06-05,2025-11-21,128,,,
Treering,treering,https://jobs.lever.co/treering,https://api.lever.co/v0/postings/treering?mode=json,open-apply-jobs,2026-02-25,2026-06-04,23,,,
Trellis,trellis,https://jobs.lever.co/trellis,https://api.lever.co/v0/postings/trellis?mode=json,open-apply-jobs,2025-05-13,2026-06-19,48,,,
Trend Health Partners,trend-health-partners,https://jobs.lever.co/trend-health-partners,https://api.lever.co/v0/postings/trend-health-partners?mode=json,open-apply-jobs,2025-05-06,2026-06-09,244,,,
Trendyol,trendyol,https://jobs.lever.co/trendyol,https://api.lever.co/v0/postings/trendyol?mode=json,open-apply-jobs,2017-05-31,2026-06-23,4966,,,
Trevipay,trevipay,https://jobs.lever.co/trevipay,https://api.lever.co/v0/postings/trevipay?mode=json,open-apply-jobs,2026-03-06,2026-06-18,674,,,
Tri,tri,https://jobs.lever.co/tri,https://api.lever.co/v0/postings/tri?mode=json,open-apply-jobs,2025-03-26,2026-06-18,875,,,
Triallibrary,triallibrary,https://jobs.lever.co/triallibrary,https://api.lever.co/v0/postings/triallibrary?mode=json,open-apply-jobs,2022-05-05,2026-06-04,184,,,
Tribe Payments,tribe-payments,https://jobs.lever.co/tribe-payments,https://api.lever.co/v0/postings/tribe-payments?mode=json,open-apply-jobs,2022-09-14,2026-06-18,187,,,
Trilogyfederal,trilogyfederal,https://jobs.lever.co/trilogyfederal,https://api.lever.co/v0/postings/trilogyfederal?mode=json,open-apply-jobs,2025-08-04,2026-06-25,1145,,,
Trinityhunt,trinityhunt,https://jobs.lever.co/trinityhunt,https://api.lever.co/v0/postings/trinityhunt?mode=json,open-apply-jobs,2025-11-20,2025-12-09,128,,,
Trio,trio,https://jobs.lever.co/trio,https://api.lever.co/v0/postings/trio?mode=json,open-apply-jobs,2026-04-13,2026-06-10,130,,,
Tripalink,tripalink,https://jobs.lever.co/tripalink,https://api.lever.co/v0/postings/tripalink?mode=json,open-apply-jobs,2022-11-17,2026-06-18,865,,,
Trivenibio,trivenibio,https://jobs.lever.co/trivenibio,https://api.lever.co/v0/postings/trivenibio?mode=json,open-apply-jobs,2025-11-06,2026-06-05,115,,,
True Environmental,true-environmental,https://jobs.lever.co/true-environmental,https://api.lever.co/v0/postings/true-environmental?mode=json,open-apply-jobs,2025-03-12,2026-06-24,2593,,,
Trueml,trueml,https://jobs.lever.co/trueml,https://api.lever.co/v0/postings/trueml?mode=json,open-apply-jobs,2025-08-27,2026-06-22,850,,,
Trueplatform,trueplatform,https://jobs.lever.co/trueplatform,https://api.lever.co/v0/postings/trueplatform?mode=json,open-apply-jobs,2025-03-10,2026-06-18,260,,,
Truetandem,truetandem,https://jobs.lever.co/truetandem,https://api.lever.co/v0/postings/truetandem?mode=json,open-apply-jobs,2025-02-11,2026-06-16,882,,,
Truezerotech,truezerotech,https://jobs.lever.co/truezerotech,https://api.lever.co/v0/postings/truezerotech?mode=json,open-apply-jobs,2024-03-13,2026-06-26,1716,,,
Trunkio,trunkio,https://jobs.lever.co/trunkio,https://api.lever.co/v0/postings/trunkio?mode=json,open-apply-jobs,2022-03-24,2025-12-18,180,,,
Trustarc,trustarc,https://jobs.lever.co/trustarc,https://api.lever.co/v0/postings/trustarc?mode=json,open-apply-jobs,2026-02-17,2026-04-29,227,,,
Trustedhousesitters.Com,trustedhousesitters.com,https://jobs.lever.co/trustedhousesitters.com,https://api.lever.co/v0/postings/trustedhousesitters.com?mode=json,open-apply-jobs,2026-03-13,2026-05-26,206,,,
Trustly,trustly,https://jobs.lever.co/trustly,https://api.lever.co/v0/postings/trustly?mode=json,open-apply-jobs,2025-09-03,2026-06-22,2583,,,
Trustyou,trustyou,https://jobs.lever.co/trustyou,https://api.lever.co/v0/postings/trustyou?mode=json,open-apply-jobs,2025-12-11,2026-06-09,385,,,
Truv,truv,https://jobs.lever.co/truv,https://api.lever.co/v0/postings/truv?mode=json,open-apply-jobs,2022-01-03,2026-06-26,676,,,
Tryjeeves,tryjeeves,https://jobs.lever.co/tryjeeves,https://api.lever.co/v0/postings/tryjeeves?mode=json,open-apply-jobs,2024-08-27,2026-06-26,3345,,,
Tryriot,tryriot,https://jobs.lever.co/tryriot,https://api.lever.co/v0/postings/tryriot?mode=json,open-apply-jobs,2024-05-01,2026-06-05,1043,,,
Tsmg,tsmg,https://jobs.lever.co/tsmg,https://api.lever.co/v0/postings/tsmg?mode=json,open-apply-jobs,2023-04-13,2026-06-12,32000,,,
Ttecdigital,ttecdigital,https://jobs.lever.co/ttecdigital,https://api.lever.co/v0/postings/ttecdigital?mode=json,open-apply-jobs,2024-03-12,2026-06-26,4825,,,
Ttxinc,ttxinc,https://jobs.lever.co/ttxinc,https://api.lever.co/v0/postings/ttxinc?mode=json,open-apply-jobs,2024-06-27,2026-05-28,1670,,,
Tunnl Data,tunnl-data,https://jobs.lever.co/tunnl-data,https://api.lever.co/v0/postings/tunnl-data?mode=json,open-apply-jobs,2024-04-04,2026-02-24,512,,,
Turvo,turvo,https://jobs.lever.co/turvo,https://api.lever.co/v0/postings/turvo?mode=json,open-apply-jobs,2021-05-12,2026-06-11,327,,,
Tutorintelligence,tutorintelligence,https://jobs.lever.co/tutorintelligence,https://api.lever.co/v0/postings/tutorintelligence?mode=json,open-apply-jobs,2024-11-13,2026-06-23,1880,,,
Twingate,twingate,https://jobs.lever.co/twingate,https://api.lever.co/v0/postings/twingate?mode=json,open-apply-jobs,2022-06-14,2026-05-08,217,,,
Tx Inc.Com,tx-inc.com,https://jobs.lever.co/tx-inc.com,https://api.lever.co/v0/postings/tx-inc.com?mode=json,open-apply-jobs,2022-08-27,2026-06-07,1984,,,
Txidigital,txidigital,https://jobs.lever.co/txidigital,https://api.lever.co/v0/postings/txidigital?mode=json,open-apply-jobs,2024-04-05,2026-04-20,124,,,
Txse,txse,https://jobs.lever.co/txse,https://api.lever.co/v0/postings/txse?mode=json,open-apply-jobs,2025-05-09,2026-04-10,223,,,
Ucsf,ucsf,https://jobs.lever.co/ucsf,https://api.lever.co/v0/postings/ucsf?mode=json,open-apply-jobs,2018-08-28,2018-08-28,64,,,
Uei,uei,https://jobs.lever.co/uei,https://api.lever.co/v0/postings/uei?mode=json,open-apply-jobs,2023-09-11,2026-06-18,809,,,
Ultrahealthproviders,ultrahealthproviders,https://jobs.lever.co/ultrahealthproviders,https://api.lever.co/v0/postings/ultrahealthproviders?mode=json,open-apply-jobs,2025-02-18,2026-06-05,711,,,
Uncountable,uncountable,https://jobs.lever.co/uncountable,https://api.lever.co/v0/postings/uncountable?mode=json,open-apply-jobs,2021-03-18,2025-10-21,672,,,
Unifyconsulting,unifyconsulting,https://jobs.lever.co/unifyconsulting,https://api.lever.co/v0/postings/unifyconsulting?mode=json,open-apply-jobs,2024-05-13,2026-06-26,135,,,
Unisoninfra,unisoninfra,https://jobs.lever.co/unisoninfra,https://api.lever.co/v0/postings/unisoninfra?mode=json,open-apply-jobs,2022-10-18,2026-06-26,2223,,,
Unitq,unitq,https://jobs.lever.co/unitq,https://api.lever.co/v0/postings/unitq?mode=json,open-apply-jobs,2022-01-26,2026-05-28,342,,,
Univeris.Com,univeris.com,https://jobs.lever.co/univeris.com,https://api.lever.co/v0/postings/univeris.com?mode=json,open-apply-jobs,2026-01-30,2026-06-22,334,,,
Unlikely,unlikely,https://jobs.lever.co/unlikely,https://api.lever.co/v0/postings/unlikely?mode=json,open-apply-jobs,2024-06-06,2025-06-03,192,,,
Unlimit,unlimit,https://jobs.lever.co/unlimit,https://api.lever.co/v0/postings/unlimit?mode=json,open-apply-jobs,2024-08-09,2026-06-26,3436,,,
Unstructuredtechnologies,unstructuredtechnologies,https://jobs.lever.co/unstructuredtechnologies,https://api.lever.co/v0/postings/unstructuredtechnologies?mode=json,open-apply-jobs,2024-07-29,2026-04-10,708,,,
Until,until,https://jobs.lever.co/until,https://api.lever.co/v0/postings/until?mode=json,open-apply-jobs,2024-12-17,2026-06-02,1381,,,
Unusual,unusual,https://jobs.lever.co/unusual,https://api.lever.co/v0/postings/unusual?mode=json,open-apply-jobs,2024-06-24,2026-06-25,515,,,
Upguard,upguard,https://jobs.lever.co/upguard,https://api.lever.co/v0/postings/upguard?mode=json,open-apply-jobs,2023-08-24,2026-06-26,1291,,,
Uprightproject,uprightproject,https://jobs.lever.co/uprightproject,https://api.lever.co/v0/postings/uprightproject?mode=json,open-apply-jobs,2022-10-07,2026-05-28,229,,,
Usasurveyjob,usasurveyjob,https://jobs.lever.co/usasurveyjob,https://api.lever.co/v0/postings/usasurveyjob?mode=json,open-apply-jobs,2019-12-02,2025-08-21,32000,,,
Uvcyber,uvcyber,https://jobs.lever.co/uvcyber,https://api.lever.co/v0/postings/uvcyber?mode=json,open-apply-jobs,2023-08-16,2026-06-22,2035,,,
V2Sa,v2sa,https://jobs.lever.co/v2sa,https://api.lever.co/v0/postings/v2sa?mode=json,open-apply-jobs,2026-05-05,2026-05-11,37,,,
Vacancies,vacancies,https://jobs.lever.co/vacancies,https://api.lever.co/v0/postings/vacancies?mode=json,open-apply-jobs,2022-11-02,2026-06-25,2075,,,
Vailsys,vailsys,https://jobs.lever.co/vailsys,https://api.lever.co/v0/postings/vailsys?mode=json,open-apply-jobs,2023-11-08,2026-05-01,316,,,
Valarian,valarian,https://jobs.lever.co/valarian,https://api.lever.co/v0/postings/valarian?mode=json,open-apply-jobs,2025-11-14,2026-06-16,225,,,
Valdera,valdera,https://jobs.lever.co/valdera,https://api.lever.co/v0/postings/valdera?mode=json,open-apply-jobs,2022-07-22,2026-04-15,787,,,
Valdeseng,valdeseng,https://jobs.lever.co/valdeseng,https://api.lever.co/v0/postings/valdeseng?mode=json,open-apply-jobs,2018-02-12,2026-06-25,2075,,,
Valgenesis,valgenesis,https://jobs.lever.co/valgenesis,https://api.lever.co/v0/postings/valgenesis?mode=json,open-apply-jobs,2023-12-21,2026-06-16,3117,,,
Valiantys,valiantys,https://jobs.lever.co/valiantys,https://api.lever.co/v0/postings/valiantys?mode=json,open-apply-jobs,2025-06-19,2026-06-24,870,,,
Valkyrietrading,valkyrietrading,https://jobs.lever.co/valkyrietrading,https://api.lever.co/v0/postings/valkyrietrading?mode=json,open-apply-jobs,2018-08-30,2026-06-18,408,,,
Valorepartners,valorepartners,https://jobs.lever.co/valorepartners,https://api.lever.co/v0/postings/valorepartners?mode=json,open-apply-jobs,2025-10-14,2026-04-29,59,,,
Valpeo.Com,valpeo.com,https://jobs.lever.co/valpeo.com,https://api.lever.co/v0/postings/valpeo.com?mode=json,open-apply-jobs,2017-10-12,2026-06-16,1520,,,
Vana,vana,https://jobs.lever.co/vana,https://api.lever.co/v0/postings/vana?mode=json,open-apply-jobs,2025-03-31,2026-06-26,2217,,,
Vedadata,vedadata,https://jobs.lever.co/vedadata,https://api.lever.co/v0/postings/vedadata?mode=json,open-apply-jobs,2024-09-30,2024-10-09,62,,,
Veepee,veepee,https://jobs.lever.co/veepee,https://api.lever.co/v0/postings/veepee?mode=json,open-apply-jobs,2023-05-03,2026-06-26,7973,,,
Veeva,veeva,https://jobs.lever.co/veeva,https://api.lever.co/v0/postings/veeva?mode=json,open-apply-jobs,2019-05-18,2026-06-26,32000,,,
Velo3D,velo3d,https://jobs.lever.co/velo3d,https://api.lever.co/v0/postings/velo3d?mode=json,open-apply-jobs,2024-12-20,2026-06-23,1604,,,
Vendavo,vendavo,https://jobs.lever.co/vendavo,https://api.lever.co/v0/postings/vendavo?mode=json,open-apply-jobs,2025-06-06,2026-06-26,275,,,
Venteur,venteur,https://jobs.lever.co/venteur,https://api.lever.co/v0/postings/venteur?mode=json,open-apply-jobs,2025-06-25,2026-02-09,256,,,
Venusaero,venusaero,https://jobs.lever.co/venusaero,https://api.lever.co/v0/postings/venusaero?mode=json,open-apply-jobs,2025-09-03,2026-06-24,914,,,
Veo,veo,https://jobs.lever.co/veo,https://api.lever.co/v0/postings/veo?mode=json,open-apply-jobs,2021-04-07,2026-06-08,1365,,,
Veonhq,veonhq,https://jobs.lever.co/veonhq,https://api.lever.co/v0/postings/veonhq?mode=json,open-apply-jobs,2026-04-30,2026-06-25,47,,,
Verdigris,verdigris,https://jobs.lever.co/verdigris,https://api.lever.co/v0/postings/verdigris?mode=json,open-apply-jobs,2025-12-17,2026-04-13,256,,,
Vergesense,vergesense,https://jobs.lever.co/vergesense,https://api.lever.co/v0/postings/vergesense?mode=json,open-apply-jobs,2026-03-09,2026-06-11,99,,,
Verifiable,verifiable,https://jobs.lever.co/verifiable,https://api.lever.co/v0/postings/verifiable?mode=json,open-apply-jobs,2025-08-05,2026-05-22,411,,,
Verisinsights,verisinsights,https://jobs.lever.co/verisinsights,https://api.lever.co/v0/postings/verisinsights?mode=json,open-apply-jobs,2021-12-31,2026-04-21,309,,,
Veritasinv,veritasinv,https://jobs.lever.co/veritasinv,https://api.lever.co/v0/postings/veritasinv?mode=json,open-apply-jobs,2020-06-08,2026-02-17,192,,,
Verkor,verkor,https://jobs.lever.co/verkor,https://api.lever.co/v0/postings/verkor?mode=json,open-apply-jobs,2022-01-21,2026-06-23,3111,,,
Versapay,versapay,https://jobs.lever.co/versapay,https://api.lever.co/v0/postings/versapay?mode=json,open-apply-jobs,2025-05-29,2026-06-26,1462,,,
Verygoodsecurity,verygoodsecurity,https://jobs.lever.co/verygoodsecurity,https://api.lever.co/v0/postings/verygoodsecurity?mode=json,open-apply-jobs,2025-10-18,2026-06-18,350,,,
Vestiairecollective,vestiairecollective,https://jobs.lever.co/vestiairecollective,https://api.lever.co/v0/postings/vestiairecollective?mode=json,open-apply-jobs,2026-01-16,2026-06-26,777,,,
Vesync,vesync,https://jobs.lever.co/vesync,https://api.lever.co/v0/postings/vesync?mode=json,open-apply-jobs,2025-06-09,2026-06-25,886,,,
Vevo,vevo,https://jobs.lever.co/vevo,https://api.lever.co/v0/postings/vevo?mode=json,open-apply-jobs,2025-07-11,2026-06-22,390,,,
Viabill,viabill,https://jobs.lever.co/viabill,https://api.lever.co/v0/postings/viabill?mode=json,open-apply-jobs,2026-02-02,2026-06-02,323,,,
Viamericas,viamericas,https://jobs.lever.co/viamericas,https://api.lever.co/v0/postings/viamericas?mode=json,open-apply-jobs,2023-10-20,2026-06-26,1386,,,
Viaseparations,viaseparations,https://jobs.lever.co/viaseparations,https://api.lever.co/v0/postings/viaseparations?mode=json,open-apply-jobs,2026-04-07,2026-05-01,103,,,
Vida,vida,https://jobs.lever.co/vida,https://api.lever.co/v0/postings/vida?mode=json,open-apply-jobs,2024-06-21,2026-06-25,870,,,
Vidsy,vidsy,https://jobs.lever.co/vidsy,https://api.lever.co/v0/postings/vidsy?mode=json,open-apply-jobs,2026-03-05,2026-06-19,480,,,
Viget,viget,https://jobs.lever.co/viget,https://api.lever.co/v0/postings/viget?mode=json,open-apply-jobs,2024-05-20,2026-02-10,292,,,
Villa Homes,villa-homes,https://jobs.lever.co/villa-homes,https://api.lever.co/v0/postings/villa-homes?mode=json,open-apply-jobs,2026-02-25,2026-05-05,250,,,
Viome,viome,https://jobs.lever.co/viome,https://api.lever.co/v0/postings/viome?mode=json,open-apply-jobs,2026-04-01,2026-04-30,113,,,
Vipdesk,vipdesk,https://jobs.lever.co/vipdesk,https://api.lever.co/v0/postings/vipdesk?mode=json,open-apply-jobs,2025-02-05,2026-06-24,138,,,
Visby,visby,https://jobs.lever.co/visby,https://api.lever.co/v0/postings/visby?mode=json,open-apply-jobs,2026-02-20,2026-04-17,202,,,
Viseven,viseven,https://jobs.lever.co/viseven,https://api.lever.co/v0/postings/viseven?mode=json,open-apply-jobs,2024-07-19,2026-06-26,1444,,,
Visioninvest,visioninvest,https://jobs.lever.co/visioninvest,https://api.lever.co/v0/postings/visioninvest?mode=json,open-apply-jobs,2025-01-12,2026-04-23,375,,,
Visotrust,visotrust,https://jobs.lever.co/visotrust,https://api.lever.co/v0/postings/visotrust?mode=json,open-apply-jobs,2026-04-10,2026-04-10,39,,,
Vivacitylabs,vivacitylabs,https://jobs.lever.co/vivacitylabs,https://api.lever.co/v0/postings/vivacitylabs?mode=json,open-apply-jobs,2026-04-02,2026-06-18,152,,,
Vivenu,vivenu,https://jobs.lever.co/vivenu,https://api.lever.co/v0/postings/vivenu?mode=json,open-apply-jobs,2023-08-16,2026-06-24,2033,,,
Vivrelle,vivrelle,https://jobs.lever.co/vivrelle,https://api.lever.co/v0/postings/vivrelle?mode=json,open-apply-jobs,2023-05-04,2026-06-25,311,,,
Voleon,voleon,https://jobs.lever.co/voleon,https://api.lever.co/v0/postings/voleon?mode=json,open-apply-jobs,2016-05-02,2026-04-21,965,,,
Voltai,voltai,https://jobs.lever.co/voltai,https://api.lever.co/v0/postings/voltai?mode=json,open-apply-jobs,2026-01-13,2026-06-04,221,,,
Voltalabs,voltalabs,https://jobs.lever.co/voltalabs,https://api.lever.co/v0/postings/voltalabs?mode=json,open-apply-jobs,2023-12-06,2026-05-27,486,,,
Voltus,voltus,https://jobs.lever.co/voltus,https://api.lever.co/v0/postings/voltus?mode=json,open-apply-jobs,2021-08-31,2026-06-24,778,,,
Voodoo,voodoo,https://jobs.lever.co/voodoo,https://api.lever.co/v0/postings/voodoo?mode=json,open-apply-jobs,2022-10-05,2025-05-13,2176,,,
Vrchat,vrchat,https://jobs.lever.co/vrchat,https://api.lever.co/v0/postings/vrchat?mode=json,open-apply-jobs,2024-01-23,2026-06-15,631,,,
Waabi,waabi,https://jobs.lever.co/waabi,https://api.lever.co/v0/postings/waabi?mode=json,open-apply-jobs,2021-05-13,2026-06-23,3949,,,
Wachter,wachter,https://jobs.lever.co/wachter,https://api.lever.co/v0/postings/wachter?mode=json,open-apply-jobs,2021-04-26,2026-06-24,8282,,,
Wadetrim,wadetrim,https://jobs.lever.co/wadetrim,https://api.lever.co/v0/postings/wadetrim?mode=json,open-apply-jobs,2023-04-06,2026-06-25,7326,,,
Wahed.Com,wahed.com,https://jobs.lever.co/wahed.com,https://api.lever.co/v0/postings/wahed.com?mode=json,open-apply-jobs,2022-02-03,2026-06-23,1277,,,
Wahi,wahi,https://jobs.lever.co/wahi,https://api.lever.co/v0/postings/wahi?mode=json,open-apply-jobs,2025-05-22,2026-02-24,512,,,
Waitwhat,waitwhat,https://jobs.lever.co/waitwhat,https://api.lever.co/v0/postings/waitwhat?mode=json,open-apply-jobs,2026-05-08,2026-06-27,39,,,
Walkerconsultants,walkerconsultants,https://jobs.lever.co/walkerconsultants,https://api.lever.co/v0/postings/walkerconsultants?mode=json,open-apply-jobs,2024-06-21,2026-06-01,2214,,,
Walkme,walkme,https://jobs.lever.co/walkme,https://api.lever.co/v0/postings/walkme?mode=json,open-apply-jobs,2021-01-28,2026-06-22,4317,,,
Waremalcomb,waremalcomb,https://jobs.lever.co/waremalcomb,https://api.lever.co/v0/postings/waremalcomb?mode=json,open-apply-jobs,2021-06-21,2026-06-26,6619,,,
Wasatchglobal,wasatchglobal,https://jobs.lever.co/wasatchglobal,https://api.lever.co/v0/postings/wasatchglobal?mode=json,open-apply-jobs,2022-01-26,2024-04-22,192,,,
Washmen,washmen,https://jobs.lever.co/washmen,https://api.lever.co/v0/postings/washmen?mode=json,open-apply-jobs,2026-02-18,2026-02-18,26,,,
Watchguard,watchguard,https://jobs.lever.co/watchguard,https://api.lever.co/v0/postings/watchguard?mode=json,open-apply-jobs,2025-05-13,2026-06-24,1811,,,
Waterfall,waterfall,https://jobs.lever.co/waterfall,https://api.lever.co/v0/postings/waterfall?mode=json,open-apply-jobs,2022-05-29,2023-06-30,384,,,
Waterworks,waterworks,https://jobs.lever.co/waterworks,https://api.lever.co/v0/postings/waterworks?mode=json,open-apply-jobs,2025-01-07,2026-06-24,1014,,,
Wattpad,wattpad,https://jobs.lever.co/wattpad,https://api.lever.co/v0/postings/wattpad?mode=json,open-apply-jobs,2025-09-30,2026-06-17,1000,,,
Waveapps,waveapps,https://jobs.lever.co/waveapps,https://api.lever.co/v0/postings/waveapps?mode=json,open-apply-jobs,2025-12-04,2026-06-15,565,,,
Wavicledata,wavicledata,https://jobs.lever.co/wavicledata,https://api.lever.co/v0/postings/wavicledata?mode=json,open-apply-jobs,2025-04-16,2026-05-06,487,,,
Wealthfront,wealthfront,https://jobs.lever.co/wealthfront,https://api.lever.co/v0/postings/wealthfront?mode=json,open-apply-jobs,2023-09-11,2026-06-24,953,,,
Weareaccord,weareaccord,https://jobs.lever.co/weareaccord,https://api.lever.co/v0/postings/weareaccord?mode=json,open-apply-jobs,2019-12-30,2025-09-24,156,,,
Wearedream,wearedream,https://jobs.lever.co/wearedream,https://api.lever.co/v0/postings/wearedream?mode=json,open-apply-jobs,2024-04-12,2026-06-26,2573,,,
Wearemeru,wearemeru,https://jobs.lever.co/wearemeru,https://api.lever.co/v0/postings/wearemeru?mode=json,open-apply-jobs,2023-03-09,2026-06-16,374,,,
Webfx,webfx,https://jobs.lever.co/webfx,https://api.lever.co/v0/postings/webfx?mode=json,open-apply-jobs,2020-02-27,2026-06-17,2984,,,
Websummit,websummit,https://jobs.lever.co/websummit,https://api.lever.co/v0/postings/websummit?mode=json,open-apply-jobs,2021-05-18,2026-06-09,1371,,,
Wellfit,wellfit,https://jobs.lever.co/wellfit,https://api.lever.co/v0/postings/wellfit?mode=json,open-apply-jobs,2026-03-03,2026-06-24,402,,,
Wepclinical,wepclinical,https://jobs.lever.co/wepclinical,https://api.lever.co/v0/postings/wepclinical?mode=json,open-apply-jobs,2024-12-04,2026-06-18,1073,,,
Weride,weride,https://jobs.lever.co/weride,https://api.lever.co/v0/postings/weride?mode=json,open-apply-jobs,2019-01-17,2026-06-16,2113,,,
Westair,westair,https://jobs.lever.co/westair,https://api.lever.co/v0/postings/westair?mode=json,open-apply-jobs,2025-08-28,2026-06-25,1155,,,
Whereby,whereby,https://jobs.lever.co/whereby,https://api.lever.co/v0/postings/whereby?mode=json,open-apply-jobs,2020-10-14,2020-10-14,64,,,
Whiterabbit,whiterabbit,https://jobs.lever.co/whiterabbit,https://api.lever.co/v0/postings/whiterabbit?mode=json,open-apply-jobs,2026-04-16,2026-04-16,64,,,
Whoop,whoop,https://jobs.lever.co/whoop,https://api.lever.co/v0/postings/whoop?mode=json,open-apply-jobs,2025-01-08,2026-06-26,10738,,,
Whymonster,whymonster,https://jobs.lever.co/whymonster,https://api.lever.co/v0/postings/whymonster?mode=json,open-apply-jobs,2024-02-06,2026-06-25,6963,,,
Wilburlabs,wilburlabs,https://jobs.lever.co/wilburlabs,https://api.lever.co/v0/postings/wilburlabs?mode=json,open-apply-jobs,2023-06-02,2023-06-02,64,,,
Willowinc,willowinc,https://jobs.lever.co/willowinc,https://api.lever.co/v0/postings/willowinc?mode=json,open-apply-jobs,2026-02-13,2026-06-26,154,,,
Winamax,winamax,https://jobs.lever.co/winamax,https://api.lever.co/v0/postings/winamax?mode=json,open-apply-jobs,2023-01-02,2026-06-15,1338,,,
Windfalldata,windfalldata,https://jobs.lever.co/windfalldata,https://api.lever.co/v0/postings/windfalldata?mode=json,open-apply-jobs,2021-12-23,2026-06-12,1006,,,
Windownation,windownation,https://jobs.lever.co/windownation,https://api.lever.co/v0/postings/windownation?mode=json,open-apply-jobs,2022-07-06,2026-06-22,4524,,,
Windowsbyrba,windowsbyrba,https://jobs.lever.co/windowsbyrba,https://api.lever.co/v0/postings/windowsbyrba?mode=json,open-apply-jobs,2023-12-08,2026-06-26,9253,,,
Windsormanagement,windsormanagement,https://jobs.lever.co/windsormanagement,https://api.lever.co/v0/postings/windsormanagement?mode=json,open-apply-jobs,2025-02-13,2026-05-18,409,,,
Wingtra,wingtra-2,https://jobs.lever.co/wingtra-2,https://api.lever.co/v0/postings/wingtra-2?mode=json,open-apply-jobs,2025-10-09,2026-06-25,482,,,
Wintermute Trading,wintermute-trading,https://jobs.lever.co/wintermute-trading,https://api.lever.co/v0/postings/wintermute-trading?mode=json,open-apply-jobs,2021-01-19,2026-06-08,1782,,,
Wisdomtree,wisdomtree,https://jobs.lever.co/wisdomtree,https://api.lever.co/v0/postings/wisdomtree?mode=json,open-apply-jobs,2025-10-30,2026-05-26,413,,,
Wisecode,wisecode,https://jobs.lever.co/wisecode,https://api.lever.co/v0/postings/wisecode?mode=json,open-apply-jobs,2025-12-18,2026-05-26,280,,,
Wishpond,wishpond,https://jobs.lever.co/wishpond,https://api.lever.co/v0/postings/wishpond?mode=json,open-apply-jobs,2024-11-27,2026-06-22,797,,,
Wisr,wisr,https://jobs.lever.co/wisr,https://api.lever.co/v0/postings/wisr?mode=json,open-apply-jobs,2026-03-18,2026-06-12,105,,,
Wmg,wmg,https://jobs.lever.co/wmg,https://api.lever.co/v0/postings/wmg?mode=json,open-apply-jobs,2025-11-18,2026-06-24,1539,,,
Wolvgroup,wolvgroup,https://jobs.lever.co/wolvgroup,https://api.lever.co/v0/postings/wolvgroup?mode=json,open-apply-jobs,2025-09-03,2026-06-22,830,,,
Woodardcurran,woodardcurran,https://jobs.lever.co/woodardcurran,https://api.lever.co/v0/postings/woodardcurran?mode=json,open-apply-jobs,2023-06-15,2026-06-23,3846,,,
Workingfamilies,workingfamilies,https://jobs.lever.co/workingfamilies,https://api.lever.co/v0/postings/workingfamilies?mode=json,open-apply-jobs,2022-05-03,2026-06-11,753,,,
Workinprogress,workinprogress,https://jobs.lever.co/workinprogress,https://api.lever.co/v0/postings/workinprogress?mode=json,open-apply-jobs,2020-12-09,2026-01-28,320,,,
Workwave,workwave,https://jobs.lever.co/workwave,https://api.lever.co/v0/postings/workwave?mode=json,open-apply-jobs,2025-12-22,2026-06-25,991,,,
World View Enterprises Inc.,world-view-enterprises-inc.,https://jobs.lever.co/world-view-enterprises-inc.,https://api.lever.co/v0/postings/world-view-enterprises-inc.?mode=json,open-apply-jobs,2025-11-24,2026-06-25,784,,,
Worldover,worldover,https://jobs.lever.co/worldover,https://api.lever.co/v0/postings/worldover?mode=json,open-apply-jobs,2025-11-26,2025-11-26,42,,,
Woven By Toyota,woven-by-toyota,https://jobs.lever.co/woven-by-toyota,https://api.lever.co/v0/postings/woven-by-toyota?mode=json,open-apply-jobs,2021-02-08,2026-06-24,10851,,,
Wpromote,wpromote,https://jobs.lever.co/wpromote,https://api.lever.co/v0/postings/wpromote?mode=json,open-apply-jobs,2024-07-23,2026-06-26,1076,,,
Wr,wr,https://jobs.lever.co/wr,https://api.lever.co/v0/postings/wr?mode=json,open-apply-jobs,2025-11-19,2026-06-25,2576,,,
Wra Ca,wra-ca,https://jobs.lever.co/wra-ca,https://api.lever.co/v0/postings/wra-ca?mode=json,open-apply-jobs,2021-01-30,2026-06-17,213,,,
Wristcheck,wristcheck,https://jobs.lever.co/wristcheck,https://api.lever.co/v0/postings/wristcheck?mode=json,open-apply-jobs,2022-08-03,2025-12-04,84,,,
Wtads,wtads,https://jobs.lever.co/wtads,https://api.lever.co/v0/postings/wtads?mode=json,open-apply-jobs,2026-03-27,2026-06-05,164,,,
Wwprosolutions,wwprosolutions,https://jobs.lever.co/wwprosolutions,https://api.lever.co/v0/postings/wwprosolutions?mode=json,open-apply-jobs,2025-10-27,2026-06-25,1940,,,
Wyetechllc,wyetechllc,https://jobs.lever.co/wyetechllc,https://api.lever.co/v0/postings/wyetechllc?mode=json,open-apply-jobs,2022-10-05,2026-06-24,11578,,,
Xage Security,xage-security,https://jobs.lever.co/xage-security,https://api.lever.co/v0/postings/xage-security?mode=json,open-apply-jobs,2023-06-06,2024-08-16,640,,,
Xby2,xby2,https://jobs.lever.co/xby2,https://api.lever.co/v0/postings/xby2?mode=json,open-apply-jobs,2019-01-30,2026-05-07,165,,,
Xcimer,xcimer,https://jobs.lever.co/xcimer,https://api.lever.co/v0/postings/xcimer?mode=json,open-apply-jobs,2023-10-12,2026-06-18,1942,,,
Xepelin,xepelin,https://jobs.lever.co/xepelin,https://api.lever.co/v0/postings/xepelin?mode=json,open-apply-jobs,2023-07-11,2026-06-25,1544,,,
Xsolla,xsolla,https://jobs.lever.co/xsolla,https://api.lever.co/v0/postings/xsolla?mode=json,open-apply-jobs,2024-08-06,2026-06-25,10679,,,
Yardstick,yardstick,https://jobs.lever.co/yardstick,https://api.lever.co/v0/postings/yardstick?mode=json,open-apply-jobs,2022-02-01,2023-02-02,128,,,
Yardzen,yardzen,https://jobs.lever.co/yardzen,https://api.lever.co/v0/postings/yardzen?mode=json,open-apply-jobs,2026-03-25,2026-06-09,67,,,
Yonexusa,yonexusa,https://jobs.lever.co/yonexusa,https://api.lever.co/v0/postings/yonexusa?mode=json,open-apply-jobs,2026-02-13,2026-06-26,281,,,
Younited,younited,https://jobs.lever.co/younited,https://api.lever.co/v0/postings/younited?mode=json,open-apply-jobs,2026-02-04,2026-06-26,395,,,
Yubico,yubico,https://jobs.lever.co/yubico,https://api.lever.co/v0/postings/yubico?mode=json,open-apply-jobs,2025-08-18,2026-02-02,882,,,
Yuno,yuno,https://jobs.lever.co/yuno,https://api.lever.co/v0/postings/yuno?mode=json,open-apply-jobs,2024-06-06,2026-06-17,1798,,,
Ywcaworks,ywcaworks,https://jobs.lever.co/ywcaworks,https://api.lever.co/v0/postings/ywcaworks?mode=json,open-apply-jobs,2023-04-11,2026-06-23,928,,,
Z1Tech,z1tech,https://jobs.lever.co/z1tech,https://api.lever.co/v0/postings/z1tech?mode=json,open-apply-jobs,2020-09-22,2026-06-26,982,,,
Zaimler,zaimler,https://jobs.lever.co/zaimler,https://api.lever.co/v0/postings/zaimler?mode=json,open-apply-jobs,2024-11-27,2026-03-10,1015,,,
Zartis,zartis,https://jobs.lever.co/zartis,https://api.lever.co/v0/postings/zartis?mode=json,open-apply-jobs,2023-05-08,2026-06-24,912,,,
Zededa,zededa,https://jobs.lever.co/zededa,https://api.lever.co/v0/postings/zededa?mode=json,open-apply-jobs,2025-11-25,2025-12-02,42,,,
Zeeco,zeeco,https://jobs.lever.co/zeeco,https://api.lever.co/v0/postings/zeeco?mode=json,open-apply-jobs,2024-11-18,2026-06-26,6396,,,
Zencore,zencore,https://jobs.lever.co/zencore,https://api.lever.co/v0/postings/zencore?mode=json,open-apply-jobs,2022-07-26,2026-06-04,873,,,
Zeneducate,zeneducate,https://jobs.lever.co/zeneducate,https://api.lever.co/v0/postings/zeneducate?mode=json,open-apply-jobs,2021-04-14,2026-06-26,3524,,,
Zenogroup,zenogroup,https://jobs.lever.co/zenogroup,https://api.lever.co/v0/postings/zenogroup?mode=json,open-apply-jobs,2025-02-13,2025-11-03,306,,,
Zensurance,zensurance,https://jobs.lever.co/zensurance,https://api.lever.co/v0/postings/zensurance?mode=json,open-apply-jobs,2024-01-19,2026-06-17,924,,,
Zerion,zerion,https://jobs.lever.co/zerion,https://api.lever.co/v0/postings/zerion?mode=json,open-apply-jobs,2026-02-02,2026-02-02,45,,,
Zerohomes,zerohomes,https://jobs.lever.co/zerohomes,https://api.lever.co/v0/postings/zerohomes?mode=json,open-apply-jobs,2024-12-06,2026-06-26,516,,,
Zerorisc,zerorisc,https://jobs.lever.co/zerorisc,https://api.lever.co/v0/postings/zerorisc?mode=json,open-apply-jobs,2025-12-02,2026-02-25,320,,,
Zerotier,zerotier,https://jobs.lever.co/zerotier,https://api.lever.co/v0/postings/zerotier?mode=json,open-apply-jobs,2026-01-26,2026-06-12,225,,,
Zeta,zeta,https://jobs.lever.co/zeta,https://api.lever.co/v0/postings/zeta?mode=json,open-apply-jobs,2023-06-05,2026-06-22,1157,,,
Zilliz,zilliz,https://jobs.lever.co/zilliz,https://api.lever.co/v0/postings/zilliz?mode=json,open-apply-jobs,2023-05-25,2026-06-22,612,,,
Zimperium,zimperium,https://jobs.lever.co/zimperium,https://api.lever.co/v0/postings/zimperium?mode=json,open-apply-jobs,2024-12-23,2026-05-19,1223,,,
Zingtree,zingtree,https://jobs.lever.co/zingtree,https://api.lever.co/v0/postings/zingtree?mode=json,open-apply-jobs,2025-06-04,2026-05-08,163,,,
Zinovo,zinovo,https://jobs.lever.co/zinovo,https://api.lever.co/v0/postings/zinovo?mode=json,open-apply-jobs,2023-05-01,2026-01-23,88,,,
Zippi,zippi,https://jobs.lever.co/zippi,https://api.lever.co/v0/postings/zippi?mode=json,open-apply-jobs,2024-05-14,2026-05-15,138,,,
Zocks,zocks,https://jobs.lever.co/zocks,https://api.lever.co/v0/postings/zocks?mode=json,open-apply-jobs,2025-03-31,2026-06-26,1198,,,
Zoox,zoox,https://jobs.lever.co/zoox,https://api.lever.co/v0/postings/zoox?mode=json,open-apply-jobs,2016-02-08,2026-06-26,13829,,,
Zopa,zopa,https://jobs.lever.co/zopa,https://api.lever.co/v0/postings/zopa?mode=json,open-apply-jobs,2024-07-09,2026-06-25,2065,,,
Zoyi,zoyi,https://jobs.lever.co/zoyi,https://api.lever.co/v0/postings/zoyi?mode=json,open-apply-jobs,2022-01-20,2026-06-19,3905,,,
Zurichinstruments,zurichinstruments,https://jobs.lever.co/zurichinstruments,https://api.lever.co/v0/postings/zurichinstruments?mode=json,open-apply-jobs,2019-06-19,2026-06-24,734,,,
Zurigroup,zurigroup,https://jobs.lever.co/zurigroup,https://api.lever.co/v0/postings/zurigroup?mode=json,open-apply-jobs,2025-07-23,2026-04-01,169,,,
Zuru,zuru,https://jobs.lever.co/zuru,https://api.lever.co/v0/postings/zuru?mode=json,open-apply-jobs,2023-06-08,2026-05-07,2280,,,
Zushealth,zushealth,https://jobs.lever.co/zushealth,https://api.lever.co/v0/postings/zushealth?mode=json,open-apply-jobs,2021-09-22,2026-06-23,405,,,
